"date_id","year","quarter","month","month_name","day_in_month","day_name","date_ref"
"20100101",2010,1,1,"Ene 2010",1,"Vi",01/01/10
"20100102",2010,1,1,"Ene 2010",2,"Sa",01/02/10
"20100103",2010,1,1,"Ene 2010",3,"Do",01/03/10
"20100104",2010,1,1,"Ene 2010",4,"Lu",01/04/10
"20100105",2010,1,1,"Ene 2010",5,"Ma",01/05/10
"20100106",2010,1,1,"Ene 2010",6,"Mi",01/06/10
"20100107",2010,1,1,"Ene 2010",7,"Ju",01/07/10
"20100108",2010,1,1,"Ene 2010",8,"Vi",01/08/10
"20100109",2010,1,1,"Ene 2010",9,"Sa",01/09/10
"20100110",2010,1,1,"Ene 2010",10,"Do",01/10/10
"20100111",2010,1,1,"Ene 2010",11,"Lu",01/11/10
"20100112",2010,1,1,"Ene 2010",12,"Ma",01/12/10
"20100113",2010,1,1,"Ene 2010",13,"Mi",01/13/10
"20100114",2010,1,1,"Ene 2010",14,"Ju",01/14/10
"20100115",2010,1,1,"Ene 2010",15,"Vi",01/15/10
"20100116",2010,1,1,"Ene 2010",16,"Sa",01/16/10
"20100117",2010,1,1,"Ene 2010",17,"Do",01/17/10
"20100118",2010,1,1,"Ene 2010",18,"Lu",01/18/10
"20100119",2010,1,1,"Ene 2010",19,"Ma",01/19/10
"20100120",2010,1,1,"Ene 2010",20,"Mi",01/20/10
"20100121",2010,1,1,"Ene 2010",21,"Ju",01/21/10
"20100122",2010,1,1,"Ene 2010",22,"Vi",01/22/10
"20100123",2010,1,1,"Ene 2010",23,"Sa",01/23/10
"20100124",2010,1,1,"Ene 2010",24,"Do",01/24/10
"20100125",2010,1,1,"Ene 2010",25,"Lu",01/25/10
"20100126",2010,1,1,"Ene 2010",26,"Ma",01/26/10
"20100127",2010,1,1,"Ene 2010",27,"Mi",01/27/10
"20100128",2010,1,1,"Ene 2010",28,"Ju",01/28/10
"20100129",2010,1,1,"Ene 2010",29,"Vi",01/29/10
"20100130",2010,1,1,"Ene 2010",30,"Sa",01/30/10
"20100131",2010,1,1,"Ene 2010",31,"Do",01/31/10
"20100201",2010,1,2,"Feb 2010",1,"Lu",02/01/10
"20100202",2010,1,2,"Feb 2010",2,"Ma",02/02/10
"20100203",2010,1,2,"Feb 2010",3,"Mi",02/03/10
"20100204",2010,1,2,"Feb 2010",4,"Ju",02/04/10
"20100205",2010,1,2,"Feb 2010",5,"Vi",02/05/10
"20100206",2010,1,2,"Feb 2010",6,"Sa",02/06/10
"20100207",2010,1,2,"Feb 2010",7,"Do",02/07/10
"20100208",2010,1,2,"Feb 2010",8,"Lu",02/08/10
"20100209",2010,1,2,"Feb 2010",9,"Ma",02/09/10
"20100210",2010,1,2,"Feb 2010",10,"Mi",02/10/10
"20100211",2010,1,2,"Feb 2010",11,"Ju",02/11/10
"20100212",2010,1,2,"Feb 2010",12,"Vi",02/12/10
"20100213",2010,1,2,"Feb 2010",13,"Sa",02/13/10
"20100214",2010,1,2,"Feb 2010",14,"Do",02/14/10
"20100215",2010,1,2,"Feb 2010",15,"Lu",02/15/10
"20100216",2010,1,2,"Feb 2010",16,"Ma",02/16/10
"20100217",2010,1,2,"Feb 2010",17,"Mi",02/17/10
"20100218",2010,1,2,"Feb 2010",18,"Ju",02/18/10
"20100219",2010,1,2,"Feb 2010",19,"Vi",02/19/10
"20100220",2010,1,2,"Feb 2010",20,"Sa",02/20/10
"20100221",2010,1,2,"Feb 2010",21,"Do",02/21/10
"20100222",2010,1,2,"Feb 2010",22,"Lu",02/22/10
"20100223",2010,1,2,"Feb 2010",23,"Ma",02/23/10
"20100224",2010,1,2,"Feb 2010",24,"Mi",02/24/10
"20100225",2010,1,2,"Feb 2010",25,"Ju",02/25/10
"20100226",2010,1,2,"Feb 2010",26,"Vi",02/26/10
"20100227",2010,1,2,"Feb 2010",27,"Sa",02/27/10
"20100228",2010,1,2,"Feb 2010",28,"Do",02/28/10
"20100301",2010,1,3,"Mar 2010",1,"Lu",03/01/10
"20100302",2010,1,3,"Mar 2010",2,"Ma",03/02/10
"20100303",2010,1,3,"Mar 2010",3,"Mi",03/03/10
"20100304",2010,1,3,"Mar 2010",4,"Ju",03/04/10
"20100305",2010,1,3,"Mar 2010",5,"Vi",03/05/10
"20100306",2010,1,3,"Mar 2010",6,"Sa",03/06/10
"20100307",2010,1,3,"Mar 2010",7,"Do",03/07/10
"20100308",2010,1,3,"Mar 2010",8,"Lu",03/08/10
"20100309",2010,1,3,"Mar 2010",9,"Ma",03/09/10
"20100310",2010,1,3,"Mar 2010",10,"Mi",03/10/10
"20100311",2010,1,3,"Mar 2010",11,"Ju",03/11/10
"20100312",2010,1,3,"Mar 2010",12,"Vi",03/12/10
"20100313",2010,1,3,"Mar 2010",13,"Sa",03/13/10
"20100314",2010,1,3,"Mar 2010",14,"Do",03/14/10
"20100315",2010,1,3,"Mar 2010",15,"Lu",03/15/10
"20100316",2010,1,3,"Mar 2010",16,"Ma",03/16/10
"20100317",2010,1,3,"Mar 2010",17,"Mi",03/17/10
"20100318",2010,1,3,"Mar 2010",18,"Ju",03/18/10
"20100319",2010,1,3,"Mar 2010",19,"Vi",03/19/10
"20100320",2010,1,3,"Mar 2010",20,"Sa",03/20/10
"20100321",2010,1,3,"Mar 2010",21,"Do",03/21/10
"20100322",2010,1,3,"Mar 2010",22,"Lu",03/22/10
"20100323",2010,1,3,"Mar 2010",23,"Ma",03/23/10
"20100324",2010,1,3,"Mar 2010",24,"Mi",03/24/10
"20100325",2010,1,3,"Mar 2010",25,"Ju",03/25/10
"20100326",2010,1,3,"Mar 2010",26,"Vi",03/26/10
"20100327",2010,1,3,"Mar 2010",27,"Sa",03/27/10
"20100328",2010,1,3,"Mar 2010",28,"Do",03/28/10
"20100329",2010,1,3,"Mar 2010",29,"Lu",03/29/10
"20100330",2010,1,3,"Mar 2010",30,"Ma",03/30/10
"20100331",2010,1,3,"Mar 2010",31,"Mi",03/31/10
"20100401",2010,2,4,"Abr 2010",1,"Ju",04/01/10
"20100402",2010,2,4,"Abr 2010",2,"Vi",04/02/10
"20100403",2010,2,4,"Abr 2010",3,"Sa",04/03/10
"20100404",2010,2,4,"Abr 2010",4,"Do",04/04/10
"20100405",2010,2,4,"Abr 2010",5,"Lu",04/05/10
"20100406",2010,2,4,"Abr 2010",6,"Ma",04/06/10
"20100407",2010,2,4,"Abr 2010",7,"Mi",04/07/10
"20100408",2010,2,4,"Abr 2010",8,"Ju",04/08/10
"20100409",2010,2,4,"Abr 2010",9,"Vi",04/09/10
"20100410",2010,2,4,"Abr 2010",10,"Sa",04/10/10
"20100411",2010,2,4,"Abr 2010",11,"Do",04/11/10
"20100412",2010,2,4,"Abr 2010",12,"Lu",04/12/10
"20100413",2010,2,4,"Abr 2010",13,"Ma",04/13/10
"20100414",2010,2,4,"Abr 2010",14,"Mi",04/14/10
"20100415",2010,2,4,"Abr 2010",15,"Ju",04/15/10
"20100416",2010,2,4,"Abr 2010",16,"Vi",04/16/10
"20100417",2010,2,4,"Abr 2010",17,"Sa",04/17/10
"20100418",2010,2,4,"Abr 2010",18,"Do",04/18/10
"20100419",2010,2,4,"Abr 2010",19,"Lu",04/19/10
"20100420",2010,2,4,"Abr 2010",20,"Ma",04/20/10
"20100421",2010,2,4,"Abr 2010",21,"Mi",04/21/10
"20100422",2010,2,4,"Abr 2010",22,"Ju",04/22/10
"20100423",2010,2,4,"Abr 2010",23,"Vi",04/23/10
"20100424",2010,2,4,"Abr 2010",24,"Sa",04/24/10
"20100425",2010,2,4,"Abr 2010",25,"Do",04/25/10
"20100426",2010,2,4,"Abr 2010",26,"Lu",04/26/10
"20100427",2010,2,4,"Abr 2010",27,"Ma",04/27/10
"20100428",2010,2,4,"Abr 2010",28,"Mi",04/28/10
"20100429",2010,2,4,"Abr 2010",29,"Ju",04/29/10
"20100430",2010,2,4,"Abr 2010",30,"Vi",04/30/10
"20100501",2010,2,5,"May 2010",1,"Sa",05/01/10
"20100502",2010,2,5,"May 2010",2,"Do",05/02/10
"20100503",2010,2,5,"May 2010",3,"Lu",05/03/10
"20100504",2010,2,5,"May 2010",4,"Ma",05/04/10
"20100505",2010,2,5,"May 2010",5,"Mi",05/05/10
"20100506",2010,2,5,"May 2010",6,"Ju",05/06/10
"20100507",2010,2,5,"May 2010",7,"Vi",05/07/10
"20100508",2010,2,5,"May 2010",8,"Sa",05/08/10
"20100509",2010,2,5,"May 2010",9,"Do",05/09/10
"20100510",2010,2,5,"May 2010",10,"Lu",05/10/10
"20100511",2010,2,5,"May 2010",11,"Ma",05/11/10
"20100512",2010,2,5,"May 2010",12,"Mi",05/12/10
"20100513",2010,2,5,"May 2010",13,"Ju",05/13/10
"20100514",2010,2,5,"May 2010",14,"Vi",05/14/10
"20100515",2010,2,5,"May 2010",15,"Sa",05/15/10
"20100516",2010,2,5,"May 2010",16,"Do",05/16/10
"20100517",2010,2,5,"May 2010",17,"Lu",05/17/10
"20100518",2010,2,5,"May 2010",18,"Ma",05/18/10
"20100519",2010,2,5,"May 2010",19,"Mi",05/19/10
"20100520",2010,2,5,"May 2010",20,"Ju",05/20/10
"20100521",2010,2,5,"May 2010",21,"Vi",05/21/10
"20100522",2010,2,5,"May 2010",22,"Sa",05/22/10
"20100523",2010,2,5,"May 2010",23,"Do",05/23/10
"20100524",2010,2,5,"May 2010",24,"Lu",05/24/10
"20100525",2010,2,5,"May 2010",25,"Ma",05/25/10
"20100526",2010,2,5,"May 2010",26,"Mi",05/26/10
"20100527",2010,2,5,"May 2010",27,"Ju",05/27/10
"20100528",2010,2,5,"May 2010",28,"Vi",05/28/10
"20100529",2010,2,5,"May 2010",29,"Sa",05/29/10
"20100530",2010,2,5,"May 2010",30,"Do",05/30/10
"20100531",2010,2,5,"May 2010",31,"Lu",05/31/10
"20100601",2010,2,6,"Jun 2010",1,"Ma",06/01/10
"20100602",2010,2,6,"Jun 2010",2,"Mi",06/02/10
"20100603",2010,2,6,"Jun 2010",3,"Ju",06/03/10
"20100604",2010,2,6,"Jun 2010",4,"Vi",06/04/10
"20100605",2010,2,6,"Jun 2010",5,"Sa",06/05/10
"20100606",2010,2,6,"Jun 2010",6,"Do",06/06/10
"20100607",2010,2,6,"Jun 2010",7,"Lu",06/07/10
"20100608",2010,2,6,"Jun 2010",8,"Ma",06/08/10
"20100609",2010,2,6,"Jun 2010",9,"Mi",06/09/10
"20100610",2010,2,6,"Jun 2010",10,"Ju",06/10/10
"20100611",2010,2,6,"Jun 2010",11,"Vi",06/11/10
"20100612",2010,2,6,"Jun 2010",12,"Sa",06/12/10
"20100613",2010,2,6,"Jun 2010",13,"Do",06/13/10
"20100614",2010,2,6,"Jun 2010",14,"Lu",06/14/10
"20100615",2010,2,6,"Jun 2010",15,"Ma",06/15/10
"20100616",2010,2,6,"Jun 2010",16,"Mi",06/16/10
"20100617",2010,2,6,"Jun 2010",17,"Ju",06/17/10
"20100618",2010,2,6,"Jun 2010",18,"Vi",06/18/10
"20100619",2010,2,6,"Jun 2010",19,"Sa",06/19/10
"20100620",2010,2,6,"Jun 2010",20,"Do",06/20/10
"20100621",2010,2,6,"Jun 2010",21,"Lu",06/21/10
"20100622",2010,2,6,"Jun 2010",22,"Ma",06/22/10
"20100623",2010,2,6,"Jun 2010",23,"Mi",06/23/10
"20100624",2010,2,6,"Jun 2010",24,"Ju",06/24/10
"20100625",2010,2,6,"Jun 2010",25,"Vi",06/25/10
"20100626",2010,2,6,"Jun 2010",26,"Sa",06/26/10
"20100627",2010,2,6,"Jun 2010",27,"Do",06/27/10
"20100628",2010,2,6,"Jun 2010",28,"Lu",06/28/10
"20100629",2010,2,6,"Jun 2010",29,"Ma",06/29/10
"20100630",2010,2,6,"Jun 2010",30,"Mi",06/30/10
"20100701",2010,3,7,"Jul 2010",1,"Ju",07/01/10
"20100702",2010,3,7,"Jul 2010",2,"Vi",07/02/10
"20100703",2010,3,7,"Jul 2010",3,"Sa",07/03/10
"20100704",2010,3,7,"Jul 2010",4,"Do",07/04/10
"20100705",2010,3,7,"Jul 2010",5,"Lu",07/05/10
"20100706",2010,3,7,"Jul 2010",6,"Ma",07/06/10
"20100707",2010,3,7,"Jul 2010",7,"Mi",07/07/10
"20100708",2010,3,7,"Jul 2010",8,"Ju",07/08/10
"20100709",2010,3,7,"Jul 2010",9,"Vi",07/09/10
"20100710",2010,3,7,"Jul 2010",10,"Sa",07/10/10
"20100711",2010,3,7,"Jul 2010",11,"Do",07/11/10
"20100712",2010,3,7,"Jul 2010",12,"Lu",07/12/10
"20100713",2010,3,7,"Jul 2010",13,"Ma",07/13/10
"20100714",2010,3,7,"Jul 2010",14,"Mi",07/14/10
"20100715",2010,3,7,"Jul 2010",15,"Ju",07/15/10
"20100716",2010,3,7,"Jul 2010",16,"Vi",07/16/10
"20100717",2010,3,7,"Jul 2010",17,"Sa",07/17/10
"20100718",2010,3,7,"Jul 2010",18,"Do",07/18/10
"20100719",2010,3,7,"Jul 2010",19,"Lu",07/19/10
"20100720",2010,3,7,"Jul 2010",20,"Ma",07/20/10
"20100721",2010,3,7,"Jul 2010",21,"Mi",07/21/10
"20100722",2010,3,7,"Jul 2010",22,"Ju",07/22/10
"20100723",2010,3,7,"Jul 2010",23,"Vi",07/23/10
"20100724",2010,3,7,"Jul 2010",24,"Sa",07/24/10
"20100725",2010,3,7,"Jul 2010",25,"Do",07/25/10
"20100726",2010,3,7,"Jul 2010",26,"Lu",07/26/10
"20100727",2010,3,7,"Jul 2010",27,"Ma",07/27/10
"20100728",2010,3,7,"Jul 2010",28,"Mi",07/28/10
"20100729",2010,3,7,"Jul 2010",29,"Ju",07/29/10
"20100730",2010,3,7,"Jul 2010",30,"Vi",07/30/10
"20100731",2010,3,7,"Jul 2010",31,"Sa",07/31/10
"20100801",2010,3,8,"Ago 2010",1,"Do",08/01/10
"20100802",2010,3,8,"Ago 2010",2,"Lu",08/02/10
"20100803",2010,3,8,"Ago 2010",3,"Ma",08/03/10
"20100804",2010,3,8,"Ago 2010",4,"Mi",08/04/10
"20100805",2010,3,8,"Ago 2010",5,"Ju",08/05/10
"20100806",2010,3,8,"Ago 2010",6,"Vi",08/06/10
"20100807",2010,3,8,"Ago 2010",7,"Sa",08/07/10
"20100808",2010,3,8,"Ago 2010",8,"Do",08/08/10
"20100809",2010,3,8,"Ago 2010",9,"Lu",08/09/10
"20100810",2010,3,8,"Ago 2010",10,"Ma",08/10/10
"20100811",2010,3,8,"Ago 2010",11,"Mi",08/11/10
"20100812",2010,3,8,"Ago 2010",12,"Ju",08/12/10
"20100813",2010,3,8,"Ago 2010",13,"Vi",08/13/10
"20100814",2010,3,8,"Ago 2010",14,"Sa",08/14/10
"20100815",2010,3,8,"Ago 2010",15,"Do",08/15/10
"20100816",2010,3,8,"Ago 2010",16,"Lu",08/16/10
"20100817",2010,3,8,"Ago 2010",17,"Ma",08/17/10
"20100818",2010,3,8,"Ago 2010",18,"Mi",08/18/10
"20100819",2010,3,8,"Ago 2010",19,"Ju",08/19/10
"20100820",2010,3,8,"Ago 2010",20,"Vi",08/20/10
"20100821",2010,3,8,"Ago 2010",21,"Sa",08/21/10
"20100822",2010,3,8,"Ago 2010",22,"Do",08/22/10
"20100823",2010,3,8,"Ago 2010",23,"Lu",08/23/10
"20100824",2010,3,8,"Ago 2010",24,"Ma",08/24/10
"20100825",2010,3,8,"Ago 2010",25,"Mi",08/25/10
"20100826",2010,3,8,"Ago 2010",26,"Ju",08/26/10
"20100827",2010,3,8,"Ago 2010",27,"Vi",08/27/10
"20100828",2010,3,8,"Ago 2010",28,"Sa",08/28/10
"20100829",2010,3,8,"Ago 2010",29,"Do",08/29/10
"20100830",2010,3,8,"Ago 2010",30,"Lu",08/30/10
"20100831",2010,3,8,"Ago 2010",31,"Ma",08/31/10
"20100901",2010,3,9,"Sep 2010",1,"Mi",09/01/10
"20100902",2010,3,9,"Sep 2010",2,"Ju",09/02/10
"20100903",2010,3,9,"Sep 2010",3,"Vi",09/03/10
"20100904",2010,3,9,"Sep 2010",4,"Sa",09/04/10
"20100905",2010,3,9,"Sep 2010",5,"Do",09/05/10
"20100906",2010,3,9,"Sep 2010",6,"Lu",09/06/10
"20100907",2010,3,9,"Sep 2010",7,"Ma",09/07/10
"20100908",2010,3,9,"Sep 2010",8,"Mi",09/08/10
"20100909",2010,3,9,"Sep 2010",9,"Ju",09/09/10
"20100910",2010,3,9,"Sep 2010",10,"Vi",09/10/10
"20100911",2010,3,9,"Sep 2010",11,"Sa",09/11/10
"20100912",2010,3,9,"Sep 2010",12,"Do",09/12/10
"20100913",2010,3,9,"Sep 2010",13,"Lu",09/13/10
"20100914",2010,3,9,"Sep 2010",14,"Ma",09/14/10
"20100915",2010,3,9,"Sep 2010",15,"Mi",09/15/10
"20100916",2010,3,9,"Sep 2010",16,"Ju",09/16/10
"20100917",2010,3,9,"Sep 2010",17,"Vi",09/17/10
"20100918",2010,3,9,"Sep 2010",18,"Sa",09/18/10
"20100919",2010,3,9,"Sep 2010",19,"Do",09/19/10
"20100920",2010,3,9,"Sep 2010",20,"Lu",09/20/10
"20100921",2010,3,9,"Sep 2010",21,"Ma",09/21/10
"20100922",2010,3,9,"Sep 2010",22,"Mi",09/22/10
"20100923",2010,3,9,"Sep 2010",23,"Ju",09/23/10
"20100924",2010,3,9,"Sep 2010",24,"Vi",09/24/10
"20100925",2010,3,9,"Sep 2010",25,"Sa",09/25/10
"20100926",2010,3,9,"Sep 2010",26,"Do",09/26/10
"20100927",2010,3,9,"Sep 2010",27,"Lu",09/27/10
"20100928",2010,3,9,"Sep 2010",28,"Ma",09/28/10
"20100929",2010,3,9,"Sep 2010",29,"Mi",09/29/10
"20100930",2010,3,9,"Sep 2010",30,"Ju",09/30/10
"20101001",2010,4,10,"Oct 2010",1,"Vi",10/01/10
"20101002",2010,4,10,"Oct 2010",2,"Sa",10/02/10
"20101003",2010,4,10,"Oct 2010",3,"Do",10/03/10
"20101004",2010,4,10,"Oct 2010",4,"Lu",10/04/10
"20101005",2010,4,10,"Oct 2010",5,"Ma",10/05/10
"20101006",2010,4,10,"Oct 2010",6,"Mi",10/06/10
"20101007",2010,4,10,"Oct 2010",7,"Ju",10/07/10
"20101008",2010,4,10,"Oct 2010",8,"Vi",10/08/10
"20101009",2010,4,10,"Oct 2010",9,"Sa",10/09/10
"20101010",2010,4,10,"Oct 2010",10,"Do",10/10/10
"20101011",2010,4,10,"Oct 2010",11,"Lu",10/11/10
"20101012",2010,4,10,"Oct 2010",12,"Ma",10/12/10
"20101013",2010,4,10,"Oct 2010",13,"Mi",10/13/10
"20101014",2010,4,10,"Oct 2010",14,"Ju",10/14/10
"20101015",2010,4,10,"Oct 2010",15,"Vi",10/15/10
"20101016",2010,4,10,"Oct 2010",16,"Sa",10/16/10
"20101017",2010,4,10,"Oct 2010",17,"Do",10/17/10
"20101018",2010,4,10,"Oct 2010",18,"Lu",10/18/10
"20101019",2010,4,10,"Oct 2010",19,"Ma",10/19/10
"20101020",2010,4,10,"Oct 2010",20,"Mi",10/20/10
"20101021",2010,4,10,"Oct 2010",21,"Ju",10/21/10
"20101022",2010,4,10,"Oct 2010",22,"Vi",10/22/10
"20101023",2010,4,10,"Oct 2010",23,"Sa",10/23/10
"20101024",2010,4,10,"Oct 2010",24,"Do",10/24/10
"20101025",2010,4,10,"Oct 2010",25,"Lu",10/25/10
"20101026",2010,4,10,"Oct 2010",26,"Ma",10/26/10
"20101027",2010,4,10,"Oct 2010",27,"Mi",10/27/10
"20101028",2010,4,10,"Oct 2010",28,"Ju",10/28/10
"20101029",2010,4,10,"Oct 2010",29,"Vi",10/29/10
"20101030",2010,4,10,"Oct 2010",30,"Sa",10/30/10
"20101031",2010,4,10,"Oct 2010",31,"Do",10/31/10
"20101101",2010,4,11,"Nov 2010",1,"Lu",11/01/10
"20101102",2010,4,11,"Nov 2010",2,"Ma",11/02/10
"20101103",2010,4,11,"Nov 2010",3,"Mi",11/03/10
"20101104",2010,4,11,"Nov 2010",4,"Ju",11/04/10
"20101105",2010,4,11,"Nov 2010",5,"Vi",11/05/10
"20101106",2010,4,11,"Nov 2010",6,"Sa",11/06/10
"20101107",2010,4,11,"Nov 2010",7,"Do",11/07/10
"20101108",2010,4,11,"Nov 2010",8,"Lu",11/08/10
"20101109",2010,4,11,"Nov 2010",9,"Ma",11/09/10
"20101110",2010,4,11,"Nov 2010",10,"Mi",11/10/10
"20101111",2010,4,11,"Nov 2010",11,"Ju",11/11/10
"20101112",2010,4,11,"Nov 2010",12,"Vi",11/12/10
"20101113",2010,4,11,"Nov 2010",13,"Sa",11/13/10
"20101114",2010,4,11,"Nov 2010",14,"Do",11/14/10
"20101115",2010,4,11,"Nov 2010",15,"Lu",11/15/10
"20101116",2010,4,11,"Nov 2010",16,"Ma",11/16/10
"20101117",2010,4,11,"Nov 2010",17,"Mi",11/17/10
"20101118",2010,4,11,"Nov 2010",18,"Ju",11/18/10
"20101119",2010,4,11,"Nov 2010",19,"Vi",11/19/10
"20101120",2010,4,11,"Nov 2010",20,"Sa",11/20/10
"20101121",2010,4,11,"Nov 2010",21,"Do",11/21/10
"20101122",2010,4,11,"Nov 2010",22,"Lu",11/22/10
"20101123",2010,4,11,"Nov 2010",23,"Ma",11/23/10
"20101124",2010,4,11,"Nov 2010",24,"Mi",11/24/10
"20101125",2010,4,11,"Nov 2010",25,"Ju",11/25/10
"20101126",2010,4,11,"Nov 2010",26,"Vi",11/26/10
"20101127",2010,4,11,"Nov 2010",27,"Sa",11/27/10
"20101128",2010,4,11,"Nov 2010",28,"Do",11/28/10
"20101129",2010,4,11,"Nov 2010",29,"Lu",11/29/10
"20101130",2010,4,11,"Nov 2010",30,"Ma",11/30/10
"20101201",2010,4,12,"Dic 2010",1,"Mi",12/01/10
"20101202",2010,4,12,"Dic 2010",2,"Ju",12/02/10
"20101203",2010,4,12,"Dic 2010",3,"Vi",12/03/10
"20101204",2010,4,12,"Dic 2010",4,"Sa",12/04/10
"20101205",2010,4,12,"Dic 2010",5,"Do",12/05/10
"20101206",2010,4,12,"Dic 2010",6,"Lu",12/06/10
"20101207",2010,4,12,"Dic 2010",7,"Ma",12/07/10
"20101208",2010,4,12,"Dic 2010",8,"Mi",12/08/10
"20101209",2010,4,12,"Dic 2010",9,"Ju",12/09/10
"20101210",2010,4,12,"Dic 2010",10,"Vi",12/10/10
"20101211",2010,4,12,"Dic 2010",11,"Sa",12/11/10
"20101212",2010,4,12,"Dic 2010",12,"Do",12/12/10
"20101213",2010,4,12,"Dic 2010",13,"Lu",12/13/10
"20101214",2010,4,12,"Dic 2010",14,"Ma",12/14/10
"20101215",2010,4,12,"Dic 2010",15,"Mi",12/15/10
"20101216",2010,4,12,"Dic 2010",16,"Ju",12/16/10
"20101217",2010,4,12,"Dic 2010",17,"Vi",12/17/10
"20101218",2010,4,12,"Dic 2010",18,"Sa",12/18/10
"20101219",2010,4,12,"Dic 2010",19,"Do",12/19/10
"20101220",2010,4,12,"Dic 2010",20,"Lu",12/20/10
"20101221",2010,4,12,"Dic 2010",21,"Ma",12/21/10
"20101222",2010,4,12,"Dic 2010",22,"Mi",12/22/10
"20101223",2010,4,12,"Dic 2010",23,"Ju",12/23/10
"20101224",2010,4,12,"Dic 2010",24,"Vi",12/24/10
"20101225",2010,4,12,"Dic 2010",25,"Sa",12/25/10
"20101226",2010,4,12,"Dic 2010",26,"Do",12/26/10
"20101227",2010,4,12,"Dic 2010",27,"Lu",12/27/10
"20101228",2010,4,12,"Dic 2010",28,"Ma",12/28/10
"20101229",2010,4,12,"Dic 2010",29,"Mi",12/29/10
"20101230",2010,4,12,"Dic 2010",30,"Ju",12/30/10
"20101231",2010,4,12,"Dic 2010",31,"Vi",12/31/10
"20110101",2011,1,1,"Ene 2011",1,"Sa",01/01/11
"20110102",2011,1,1,"Ene 2011",2,"Do",01/02/11
"20110103",2011,1,1,"Ene 2011",3,"Lu",01/03/11
"20110104",2011,1,1,"Ene 2011",4,"Ma",01/04/11
"20110105",2011,1,1,"Ene 2011",5,"Mi",01/05/11
"20110106",2011,1,1,"Ene 2011",6,"Ju",01/06/11
"20110107",2011,1,1,"Ene 2011",7,"Vi",01/07/11
"20110108",2011,1,1,"Ene 2011",8,"Sa",01/08/11
"20110109",2011,1,1,"Ene 2011",9,"Do",01/09/11
"20110110",2011,1,1,"Ene 2011",10,"Lu",01/10/11
"20110111",2011,1,1,"Ene 2011",11,"Ma",01/11/11
"20110112",2011,1,1,"Ene 2011",12,"Mi",01/12/11
"20110113",2011,1,1,"Ene 2011",13,"Ju",01/13/11
"20110114",2011,1,1,"Ene 2011",14,"Vi",01/14/11
"20110115",2011,1,1,"Ene 2011",15,"Sa",01/15/11
"20110116",2011,1,1,"Ene 2011",16,"Do",01/16/11
"20110117",2011,1,1,"Ene 2011",17,"Lu",01/17/11
"20110118",2011,1,1,"Ene 2011",18,"Ma",01/18/11
"20110119",2011,1,1,"Ene 2011",19,"Mi",01/19/11
"20110120",2011,1,1,"Ene 2011",20,"Ju",01/20/11
"20110121",2011,1,1,"Ene 2011",21,"Vi",01/21/11
"20110122",2011,1,1,"Ene 2011",22,"Sa",01/22/11
"20110123",2011,1,1,"Ene 2011",23,"Do",01/23/11
"20110124",2011,1,1,"Ene 2011",24,"Lu",01/24/11
"20110125",2011,1,1,"Ene 2011",25,"Ma",01/25/11
"20110126",2011,1,1,"Ene 2011",26,"Mi",01/26/11
"20110127",2011,1,1,"Ene 2011",27,"Ju",01/27/11
"20110128",2011,1,1,"Ene 2011",28,"Vi",01/28/11
"20110129",2011,1,1,"Ene 2011",29,"Sa",01/29/11
"20110130",2011,1,1,"Ene 2011",30,"Do",01/30/11
"20110131",2011,1,1,"Ene 2011",31,"Lu",01/31/11
"20110201",2011,1,2,"Feb 2011",1,"Ma",02/01/11
"20110202",2011,1,2,"Feb 2011",2,"Mi",02/02/11
"20110203",2011,1,2,"Feb 2011",3,"Ju",02/03/11
"20110204",2011,1,2,"Feb 2011",4,"Vi",02/04/11
"20110205",2011,1,2,"Feb 2011",5,"Sa",02/05/11
"20110206",2011,1,2,"Feb 2011",6,"Do",02/06/11
"20110207",2011,1,2,"Feb 2011",7,"Lu",02/07/11
"20110208",2011,1,2,"Feb 2011",8,"Ma",02/08/11
"20110209",2011,1,2,"Feb 2011",9,"Mi",02/09/11
"20110210",2011,1,2,"Feb 2011",10,"Ju",02/10/11
"20110211",2011,1,2,"Feb 2011",11,"Vi",02/11/11
"20110212",2011,1,2,"Feb 2011",12,"Sa",02/12/11
"20110213",2011,1,2,"Feb 2011",13,"Do",02/13/11
"20110214",2011,1,2,"Feb 2011",14,"Lu",02/14/11
"20110215",2011,1,2,"Feb 2011",15,"Ma",02/15/11
"20110216",2011,1,2,"Feb 2011",16,"Mi",02/16/11
"20110217",2011,1,2,"Feb 2011",17,"Ju",02/17/11
"20110218",2011,1,2,"Feb 2011",18,"Vi",02/18/11
"20110219",2011,1,2,"Feb 2011",19,"Sa",02/19/11
"20110220",2011,1,2,"Feb 2011",20,"Do",02/20/11
"20110221",2011,1,2,"Feb 2011",21,"Lu",02/21/11
"20110222",2011,1,2,"Feb 2011",22,"Ma",02/22/11
"20110223",2011,1,2,"Feb 2011",23,"Mi",02/23/11
"20110224",2011,1,2,"Feb 2011",24,"Ju",02/24/11
"20110225",2011,1,2,"Feb 2011",25,"Vi",02/25/11
"20110226",2011,1,2,"Feb 2011",26,"Sa",02/26/11
"20110227",2011,1,2,"Feb 2011",27,"Do",02/27/11
"20110228",2011,1,2,"Feb 2011",28,"Lu",02/28/11
"20110301",2011,1,3,"Mar 2011",1,"Ma",03/01/11
"20110302",2011,1,3,"Mar 2011",2,"Mi",03/02/11
"20110303",2011,1,3,"Mar 2011",3,"Ju",03/03/11
"20110304",2011,1,3,"Mar 2011",4,"Vi",03/04/11
"20110305",2011,1,3,"Mar 2011",5,"Sa",03/05/11
"20110306",2011,1,3,"Mar 2011",6,"Do",03/06/11
"20110307",2011,1,3,"Mar 2011",7,"Lu",03/07/11
"20110308",2011,1,3,"Mar 2011",8,"Ma",03/08/11
"20110309",2011,1,3,"Mar 2011",9,"Mi",03/09/11
"20110310",2011,1,3,"Mar 2011",10,"Ju",03/10/11
"20110311",2011,1,3,"Mar 2011",11,"Vi",03/11/11
"20110312",2011,1,3,"Mar 2011",12,"Sa",03/12/11
"20110313",2011,1,3,"Mar 2011",13,"Do",03/13/11
"20110314",2011,1,3,"Mar 2011",14,"Lu",03/14/11
"20110315",2011,1,3,"Mar 2011",15,"Ma",03/15/11
"20110316",2011,1,3,"Mar 2011",16,"Mi",03/16/11
"20110317",2011,1,3,"Mar 2011",17,"Ju",03/17/11
"20110318",2011,1,3,"Mar 2011",18,"Vi",03/18/11
"20110319",2011,1,3,"Mar 2011",19,"Sa",03/19/11
"20110320",2011,1,3,"Mar 2011",20,"Do",03/20/11
"20110321",2011,1,3,"Mar 2011",21,"Lu",03/21/11
"20110322",2011,1,3,"Mar 2011",22,"Ma",03/22/11
"20110323",2011,1,3,"Mar 2011",23,"Mi",03/23/11
"20110324",2011,1,3,"Mar 2011",24,"Ju",03/24/11
"20110325",2011,1,3,"Mar 2011",25,"Vi",03/25/11
"20110326",2011,1,3,"Mar 2011",26,"Sa",03/26/11
"20110327",2011,1,3,"Mar 2011",27,"Do",03/27/11
"20110328",2011,1,3,"Mar 2011",28,"Lu",03/28/11
"20110329",2011,1,3,"Mar 2011",29,"Ma",03/29/11
"20110330",2011,1,3,"Mar 2011",30,"Mi",03/30/11
"20110331",2011,1,3,"Mar 2011",31,"Ju",03/31/11
"20110401",2011,2,4,"Abr 2011",1,"Vi",04/01/11
"20110402",2011,2,4,"Abr 2011",2,"Sa",04/02/11
"20110403",2011,2,4,"Abr 2011",3,"Do",04/03/11
"20110404",2011,2,4,"Abr 2011",4,"Lu",04/04/11
"20110405",2011,2,4,"Abr 2011",5,"Ma",04/05/11
"20110406",2011,2,4,"Abr 2011",6,"Mi",04/06/11
"20110407",2011,2,4,"Abr 2011",7,"Ju",04/07/11
"20110408",2011,2,4,"Abr 2011",8,"Vi",04/08/11
"20110409",2011,2,4,"Abr 2011",9,"Sa",04/09/11
"20110410",2011,2,4,"Abr 2011",10,"Do",04/10/11
"20110411",2011,2,4,"Abr 2011",11,"Lu",04/11/11
"20110412",2011,2,4,"Abr 2011",12,"Ma",04/12/11
"20110413",2011,2,4,"Abr 2011",13,"Mi",04/13/11
"20110414",2011,2,4,"Abr 2011",14,"Ju",04/14/11
"20110415",2011,2,4,"Abr 2011",15,"Vi",04/15/11
"20110416",2011,2,4,"Abr 2011",16,"Sa",04/16/11
"20110417",2011,2,4,"Abr 2011",17,"Do",04/17/11
"20110418",2011,2,4,"Abr 2011",18,"Lu",04/18/11
"20110419",2011,2,4,"Abr 2011",19,"Ma",04/19/11
"20110420",2011,2,4,"Abr 2011",20,"Mi",04/20/11
"20110421",2011,2,4,"Abr 2011",21,"Ju",04/21/11
"20110422",2011,2,4,"Abr 2011",22,"Vi",04/22/11
"20110423",2011,2,4,"Abr 2011",23,"Sa",04/23/11
"20110424",2011,2,4,"Abr 2011",24,"Do",04/24/11
"20110425",2011,2,4,"Abr 2011",25,"Lu",04/25/11
"20110426",2011,2,4,"Abr 2011",26,"Ma",04/26/11
"20110427",2011,2,4,"Abr 2011",27,"Mi",04/27/11
"20110428",2011,2,4,"Abr 2011",28,"Ju",04/28/11
"20110429",2011,2,4,"Abr 2011",29,"Vi",04/29/11
"20110430",2011,2,4,"Abr 2011",30,"Sa",04/30/11
"20110501",2011,2,5,"May 2011",1,"Do",05/01/11
"20110502",2011,2,5,"May 2011",2,"Lu",05/02/11
"20110503",2011,2,5,"May 2011",3,"Ma",05/03/11
"20110504",2011,2,5,"May 2011",4,"Mi",05/04/11
"20110505",2011,2,5,"May 2011",5,"Ju",05/05/11
"20110506",2011,2,5,"May 2011",6,"Vi",05/06/11
"20110507",2011,2,5,"May 2011",7,"Sa",05/07/11
"20110508",2011,2,5,"May 2011",8,"Do",05/08/11
"20110509",2011,2,5,"May 2011",9,"Lu",05/09/11
"20110510",2011,2,5,"May 2011",10,"Ma",05/10/11
"20110511",2011,2,5,"May 2011",11,"Mi",05/11/11
"20110512",2011,2,5,"May 2011",12,"Ju",05/12/11
"20110513",2011,2,5,"May 2011",13,"Vi",05/13/11
"20110514",2011,2,5,"May 2011",14,"Sa",05/14/11
"20110515",2011,2,5,"May 2011",15,"Do",05/15/11
"20110516",2011,2,5,"May 2011",16,"Lu",05/16/11
"20110517",2011,2,5,"May 2011",17,"Ma",05/17/11
"20110518",2011,2,5,"May 2011",18,"Mi",05/18/11
"20110519",2011,2,5,"May 2011",19,"Ju",05/19/11
"20110520",2011,2,5,"May 2011",20,"Vi",05/20/11
"20110521",2011,2,5,"May 2011",21,"Sa",05/21/11
"20110522",2011,2,5,"May 2011",22,"Do",05/22/11
"20110523",2011,2,5,"May 2011",23,"Lu",05/23/11
"20110524",2011,2,5,"May 2011",24,"Ma",05/24/11
"20110525",2011,2,5,"May 2011",25,"Mi",05/25/11
"20110526",2011,2,5,"May 2011",26,"Ju",05/26/11
"20110527",2011,2,5,"May 2011",27,"Vi",05/27/11
"20110528",2011,2,5,"May 2011",28,"Sa",05/28/11
"20110529",2011,2,5,"May 2011",29,"Do",05/29/11
"20110530",2011,2,5,"May 2011",30,"Lu",05/30/11
"20110531",2011,2,5,"May 2011",31,"Ma",05/31/11
"20110601",2011,2,6,"Jun 2011",1,"Mi",06/01/11
"20110602",2011,2,6,"Jun 2011",2,"Ju",06/02/11
"20110603",2011,2,6,"Jun 2011",3,"Vi",06/03/11
"20110604",2011,2,6,"Jun 2011",4,"Sa",06/04/11
"20110605",2011,2,6,"Jun 2011",5,"Do",06/05/11
"20110606",2011,2,6,"Jun 2011",6,"Lu",06/06/11
"20110607",2011,2,6,"Jun 2011",7,"Ma",06/07/11
"20110608",2011,2,6,"Jun 2011",8,"Mi",06/08/11
"20110609",2011,2,6,"Jun 2011",9,"Ju",06/09/11
"20110610",2011,2,6,"Jun 2011",10,"Vi",06/10/11
"20110611",2011,2,6,"Jun 2011",11,"Sa",06/11/11
"20110612",2011,2,6,"Jun 2011",12,"Do",06/12/11
"20110613",2011,2,6,"Jun 2011",13,"Lu",06/13/11
"20110614",2011,2,6,"Jun 2011",14,"Ma",06/14/11
"20110615",2011,2,6,"Jun 2011",15,"Mi",06/15/11
"20110616",2011,2,6,"Jun 2011",16,"Ju",06/16/11
"20110617",2011,2,6,"Jun 2011",17,"Vi",06/17/11
"20110618",2011,2,6,"Jun 2011",18,"Sa",06/18/11
"20110619",2011,2,6,"Jun 2011",19,"Do",06/19/11
"20110620",2011,2,6,"Jun 2011",20,"Lu",06/20/11
"20110621",2011,2,6,"Jun 2011",21,"Ma",06/21/11
"20110622",2011,2,6,"Jun 2011",22,"Mi",06/22/11
"20110623",2011,2,6,"Jun 2011",23,"Ju",06/23/11
"20110624",2011,2,6,"Jun 2011",24,"Vi",06/24/11
"20110625",2011,2,6,"Jun 2011",25,"Sa",06/25/11
"20110626",2011,2,6,"Jun 2011",26,"Do",06/26/11
"20110627",2011,2,6,"Jun 2011",27,"Lu",06/27/11
"20110628",2011,2,6,"Jun 2011",28,"Ma",06/28/11
"20110629",2011,2,6,"Jun 2011",29,"Mi",06/29/11
"20110630",2011,2,6,"Jun 2011",30,"Ju",06/30/11
"20110701",2011,3,7,"Jul 2011",1,"Vi",07/01/11
"20110702",2011,3,7,"Jul 2011",2,"Sa",07/02/11
"20110703",2011,3,7,"Jul 2011",3,"Do",07/03/11
"20110704",2011,3,7,"Jul 2011",4,"Lu",07/04/11
"20110705",2011,3,7,"Jul 2011",5,"Ma",07/05/11
"20110706",2011,3,7,"Jul 2011",6,"Mi",07/06/11
"20110707",2011,3,7,"Jul 2011",7,"Ju",07/07/11
"20110708",2011,3,7,"Jul 2011",8,"Vi",07/08/11
"20110709",2011,3,7,"Jul 2011",9,"Sa",07/09/11
"20110710",2011,3,7,"Jul 2011",10,"Do",07/10/11
"20110711",2011,3,7,"Jul 2011",11,"Lu",07/11/11
"20110712",2011,3,7,"Jul 2011",12,"Ma",07/12/11
"20110713",2011,3,7,"Jul 2011",13,"Mi",07/13/11
"20110714",2011,3,7,"Jul 2011",14,"Ju",07/14/11
"20110715",2011,3,7,"Jul 2011",15,"Vi",07/15/11
"20110716",2011,3,7,"Jul 2011",16,"Sa",07/16/11
"20110717",2011,3,7,"Jul 2011",17,"Do",07/17/11
"20110718",2011,3,7,"Jul 2011",18,"Lu",07/18/11
"20110719",2011,3,7,"Jul 2011",19,"Ma",07/19/11
"20110720",2011,3,7,"Jul 2011",20,"Mi",07/20/11
"20110721",2011,3,7,"Jul 2011",21,"Ju",07/21/11
"20110722",2011,3,7,"Jul 2011",22,"Vi",07/22/11
"20110723",2011,3,7,"Jul 2011",23,"Sa",07/23/11
"20110724",2011,3,7,"Jul 2011",24,"Do",07/24/11
"20110725",2011,3,7,"Jul 2011",25,"Lu",07/25/11
"20110726",2011,3,7,"Jul 2011",26,"Ma",07/26/11
"20110727",2011,3,7,"Jul 2011",27,"Mi",07/27/11
"20110728",2011,3,7,"Jul 2011",28,"Ju",07/28/11
"20110729",2011,3,7,"Jul 2011",29,"Vi",07/29/11
"20110730",2011,3,7,"Jul 2011",30,"Sa",07/30/11
"20110731",2011,3,7,"Jul 2011",31,"Do",07/31/11
"20110801",2011,3,8,"Ago 2011",1,"Lu",08/01/11
"20110802",2011,3,8,"Ago 2011",2,"Ma",08/02/11
"20110803",2011,3,8,"Ago 2011",3,"Mi",08/03/11
"20110804",2011,3,8,"Ago 2011",4,"Ju",08/04/11
"20110805",2011,3,8,"Ago 2011",5,"Vi",08/05/11
"20110806",2011,3,8,"Ago 2011",6,"Sa",08/06/11
"20110807",2011,3,8,"Ago 2011",7,"Do",08/07/11
"20110808",2011,3,8,"Ago 2011",8,"Lu",08/08/11
"20110809",2011,3,8,"Ago 2011",9,"Ma",08/09/11
"20110810",2011,3,8,"Ago 2011",10,"Mi",08/10/11
"20110811",2011,3,8,"Ago 2011",11,"Ju",08/11/11
"20110812",2011,3,8,"Ago 2011",12,"Vi",08/12/11
"20110813",2011,3,8,"Ago 2011",13,"Sa",08/13/11
"20110814",2011,3,8,"Ago 2011",14,"Do",08/14/11
"20110815",2011,3,8,"Ago 2011",15,"Lu",08/15/11
"20110816",2011,3,8,"Ago 2011",16,"Ma",08/16/11
"20110817",2011,3,8,"Ago 2011",17,"Mi",08/17/11
"20110818",2011,3,8,"Ago 2011",18,"Ju",08/18/11
"20110819",2011,3,8,"Ago 2011",19,"Vi",08/19/11
"20110820",2011,3,8,"Ago 2011",20,"Sa",08/20/11
"20110821",2011,3,8,"Ago 2011",21,"Do",08/21/11
"20110822",2011,3,8,"Ago 2011",22,"Lu",08/22/11
"20110823",2011,3,8,"Ago 2011",23,"Ma",08/23/11
"20110824",2011,3,8,"Ago 2011",24,"Mi",08/24/11
"20110825",2011,3,8,"Ago 2011",25,"Ju",08/25/11
"20110826",2011,3,8,"Ago 2011",26,"Vi",08/26/11
"20110827",2011,3,8,"Ago 2011",27,"Sa",08/27/11
"20110828",2011,3,8,"Ago 2011",28,"Do",08/28/11
"20110829",2011,3,8,"Ago 2011",29,"Lu",08/29/11
"20110830",2011,3,8,"Ago 2011",30,"Ma",08/30/11
"20110831",2011,3,8,"Ago 2011",31,"Mi",08/31/11
"20110901",2011,3,9,"Sep 2011",1,"Ju",09/01/11
"20110902",2011,3,9,"Sep 2011",2,"Vi",09/02/11
"20110903",2011,3,9,"Sep 2011",3,"Sa",09/03/11
"20110904",2011,3,9,"Sep 2011",4,"Do",09/04/11
"20110905",2011,3,9,"Sep 2011",5,"Lu",09/05/11
"20110906",2011,3,9,"Sep 2011",6,"Ma",09/06/11
"20110907",2011,3,9,"Sep 2011",7,"Mi",09/07/11
"20110908",2011,3,9,"Sep 2011",8,"Ju",09/08/11
"20110909",2011,3,9,"Sep 2011",9,"Vi",09/09/11
"20110910",2011,3,9,"Sep 2011",10,"Sa",09/10/11
"20110911",2011,3,9,"Sep 2011",11,"Do",09/11/11
"20110912",2011,3,9,"Sep 2011",12,"Lu",09/12/11
"20110913",2011,3,9,"Sep 2011",13,"Ma",09/13/11
"20110914",2011,3,9,"Sep 2011",14,"Mi",09/14/11
"20110915",2011,3,9,"Sep 2011",15,"Ju",09/15/11
"20110916",2011,3,9,"Sep 2011",16,"Vi",09/16/11
"20110917",2011,3,9,"Sep 2011",17,"Sa",09/17/11
"20110918",2011,3,9,"Sep 2011",18,"Do",09/18/11
"20110919",2011,3,9,"Sep 2011",19,"Lu",09/19/11
"20110920",2011,3,9,"Sep 2011",20,"Ma",09/20/11
"20110921",2011,3,9,"Sep 2011",21,"Mi",09/21/11
"20110922",2011,3,9,"Sep 2011",22,"Ju",09/22/11
"20110923",2011,3,9,"Sep 2011",23,"Vi",09/23/11
"20110924",2011,3,9,"Sep 2011",24,"Sa",09/24/11
"20110925",2011,3,9,"Sep 2011",25,"Do",09/25/11
"20110926",2011,3,9,"Sep 2011",26,"Lu",09/26/11
"20110927",2011,3,9,"Sep 2011",27,"Ma",09/27/11
"20110928",2011,3,9,"Sep 2011",28,"Mi",09/28/11
"20110929",2011,3,9,"Sep 2011",29,"Ju",09/29/11
"20110930",2011,3,9,"Sep 2011",30,"Vi",09/30/11
"20111001",2011,4,10,"Oct 2011",1,"Sa",10/01/11
"20111002",2011,4,10,"Oct 2011",2,"Do",10/02/11
"20111003",2011,4,10,"Oct 2011",3,"Lu",10/03/11
"20111004",2011,4,10,"Oct 2011",4,"Ma",10/04/11
"20111005",2011,4,10,"Oct 2011",5,"Mi",10/05/11
"20111006",2011,4,10,"Oct 2011",6,"Ju",10/06/11
"20111007",2011,4,10,"Oct 2011",7,"Vi",10/07/11
"20111008",2011,4,10,"Oct 2011",8,"Sa",10/08/11
"20111009",2011,4,10,"Oct 2011",9,"Do",10/09/11
"20111010",2011,4,10,"Oct 2011",10,"Lu",10/10/11
"20111011",2011,4,10,"Oct 2011",11,"Ma",10/11/11
"20111012",2011,4,10,"Oct 2011",12,"Mi",10/12/11
"20111013",2011,4,10,"Oct 2011",13,"Ju",10/13/11
"20111014",2011,4,10,"Oct 2011",14,"Vi",10/14/11
"20111015",2011,4,10,"Oct 2011",15,"Sa",10/15/11
"20111016",2011,4,10,"Oct 2011",16,"Do",10/16/11
"20111017",2011,4,10,"Oct 2011",17,"Lu",10/17/11
"20111018",2011,4,10,"Oct 2011",18,"Ma",10/18/11
"20111019",2011,4,10,"Oct 2011",19,"Mi",10/19/11
"20111020",2011,4,10,"Oct 2011",20,"Ju",10/20/11
"20111021",2011,4,10,"Oct 2011",21,"Vi",10/21/11
"20111022",2011,4,10,"Oct 2011",22,"Sa",10/22/11
"20111023",2011,4,10,"Oct 2011",23,"Do",10/23/11
"20111024",2011,4,10,"Oct 2011",24,"Lu",10/24/11
"20111025",2011,4,10,"Oct 2011",25,"Ma",10/25/11
"20111026",2011,4,10,"Oct 2011",26,"Mi",10/26/11
"20111027",2011,4,10,"Oct 2011",27,"Ju",10/27/11
"20111028",2011,4,10,"Oct 2011",28,"Vi",10/28/11
"20111029",2011,4,10,"Oct 2011",29,"Sa",10/29/11
"20111030",2011,4,10,"Oct 2011",30,"Do",10/30/11
"20111031",2011,4,10,"Oct 2011",31,"Lu",10/31/11
"20111101",2011,4,11,"Nov 2011",1,"Ma",11/01/11
"20111102",2011,4,11,"Nov 2011",2,"Mi",11/02/11
"20111103",2011,4,11,"Nov 2011",3,"Ju",11/03/11
"20111104",2011,4,11,"Nov 2011",4,"Vi",11/04/11
"20111105",2011,4,11,"Nov 2011",5,"Sa",11/05/11
"20111106",2011,4,11,"Nov 2011",6,"Do",11/06/11
"20111107",2011,4,11,"Nov 2011",7,"Lu",11/07/11
"20111108",2011,4,11,"Nov 2011",8,"Ma",11/08/11
"20111109",2011,4,11,"Nov 2011",9,"Mi",11/09/11
"20111110",2011,4,11,"Nov 2011",10,"Ju",11/10/11
"20111111",2011,4,11,"Nov 2011",11,"Vi",11/11/11
"20111112",2011,4,11,"Nov 2011",12,"Sa",11/12/11
"20111113",2011,4,11,"Nov 2011",13,"Do",11/13/11
"20111114",2011,4,11,"Nov 2011",14,"Lu",11/14/11
"20111115",2011,4,11,"Nov 2011",15,"Ma",11/15/11
"20111116",2011,4,11,"Nov 2011",16,"Mi",11/16/11
"20111117",2011,4,11,"Nov 2011",17,"Ju",11/17/11
"20111118",2011,4,11,"Nov 2011",18,"Vi",11/18/11
"20111119",2011,4,11,"Nov 2011",19,"Sa",11/19/11
"20111120",2011,4,11,"Nov 2011",20,"Do",11/20/11
"20111121",2011,4,11,"Nov 2011",21,"Lu",11/21/11
"20111122",2011,4,11,"Nov 2011",22,"Ma",11/22/11
"20111123",2011,4,11,"Nov 2011",23,"Mi",11/23/11
"20111124",2011,4,11,"Nov 2011",24,"Ju",11/24/11
"20111125",2011,4,11,"Nov 2011",25,"Vi",11/25/11
"20111126",2011,4,11,"Nov 2011",26,"Sa",11/26/11
"20111127",2011,4,11,"Nov 2011",27,"Do",11/27/11
"20111128",2011,4,11,"Nov 2011",28,"Lu",11/28/11
"20111129",2011,4,11,"Nov 2011",29,"Ma",11/29/11
"20111130",2011,4,11,"Nov 2011",30,"Mi",11/30/11
"20111201",2011,4,12,"Dic 2011",1,"Ju",12/01/11
"20111202",2011,4,12,"Dic 2011",2,"Vi",12/02/11
"20111203",2011,4,12,"Dic 2011",3,"Sa",12/03/11
"20111204",2011,4,12,"Dic 2011",4,"Do",12/04/11
"20111205",2011,4,12,"Dic 2011",5,"Lu",12/05/11
"20111206",2011,4,12,"Dic 2011",6,"Ma",12/06/11
"20111207",2011,4,12,"Dic 2011",7,"Mi",12/07/11
"20111208",2011,4,12,"Dic 2011",8,"Ju",12/08/11
"20111209",2011,4,12,"Dic 2011",9,"Vi",12/09/11
"20111210",2011,4,12,"Dic 2011",10,"Sa",12/10/11
"20111211",2011,4,12,"Dic 2011",11,"Do",12/11/11
"20111212",2011,4,12,"Dic 2011",12,"Lu",12/12/11
"20111213",2011,4,12,"Dic 2011",13,"Ma",12/13/11
"20111214",2011,4,12,"Dic 2011",14,"Mi",12/14/11
"20111215",2011,4,12,"Dic 2011",15,"Ju",12/15/11
"20111216",2011,4,12,"Dic 2011",16,"Vi",12/16/11
"20111217",2011,4,12,"Dic 2011",17,"Sa",12/17/11
"20111218",2011,4,12,"Dic 2011",18,"Do",12/18/11
"20111219",2011,4,12,"Dic 2011",19,"Lu",12/19/11
"20111220",2011,4,12,"Dic 2011",20,"Ma",12/20/11
"20111221",2011,4,12,"Dic 2011",21,"Mi",12/21/11
"20111222",2011,4,12,"Dic 2011",22,"Ju",12/22/11
"20111223",2011,4,12,"Dic 2011",23,"Vi",12/23/11
"20111224",2011,4,12,"Dic 2011",24,"Sa",12/24/11
"20111225",2011,4,12,"Dic 2011",25,"Do",12/25/11
"20111226",2011,4,12,"Dic 2011",26,"Lu",12/26/11
"20111227",2011,4,12,"Dic 2011",27,"Ma",12/27/11
"20111228",2011,4,12,"Dic 2011",28,"Mi",12/28/11
"20111229",2011,4,12,"Dic 2011",29,"Ju",12/29/11
"20111230",2011,4,12,"Dic 2011",30,"Vi",12/30/11
"20111231",2011,4,12,"Dic 2011",31,"Sa",12/31/11
