"date_id","year","quarter","month","month_name","day_in_month","day_name"
"20070101",2007,1,1,"Enero 2007",1,"Lu"
"20070102",2007,1,1,"Enero 2007",2,"Ma"
"20070103",2007,1,1,"Enero 2007",3,"Mi"
"20070104",2007,1,1,"Enero 2007",4,"Ju"
"20070105",2007,1,1,"Enero 2007",5,"Vi"
"20070106",2007,1,1,"Enero 2007",6,"Sá"
"20070107",2007,1,1,"Enero 2007",7,"Do"
"20070108",2007,1,1,"Enero 2007",8,"Lu"
"20070109",2007,1,1,"Enero 2007",9,"Ma"
"20070110",2007,1,1,"Enero 2007",10,"Mi"
"20070111",2007,1,1,"Enero 2007",11,"Ju"
"20070112",2007,1,1,"Enero 2007",12,"Vi"
"20070113",2007,1,1,"Enero 2007",13,"Sá"
"20070114",2007,1,1,"Enero 2007",14,"Do"
"20070115",2007,1,1,"Enero 2007",15,"Lu"
"20070116",2007,1,1,"Enero 2007",16,"Ma"
"20070117",2007,1,1,"Enero 2007",17,"Mi"
"20070118",2007,1,1,"Enero 2007",18,"Ju"
"20070119",2007,1,1,"Enero 2007",19,"Vi"
"20070120",2007,1,1,"Enero 2007",20,"Sá"
"20070121",2007,1,1,"Enero 2007",21,"Do"
"20070122",2007,1,1,"Enero 2007",22,"Lu"
"20070123",2007,1,1,"Enero 2007",23,"Ma"
"20070124",2007,1,1,"Enero 2007",24,"Mi"
"20070125",2007,1,1,"Enero 2007",25,"Ju"
"20070126",2007,1,1,"Enero 2007",26,"Vi"
"20070127",2007,1,1,"Enero 2007",27,"Sá"
"20070128",2007,1,1,"Enero 2007",28,"Do"
"20070129",2007,1,1,"Enero 2007",29,"Lu"
"20070130",2007,1,1,"Enero 2007",30,"Ma"
"20070131",2007,1,1,"Enero 2007",31,"Mi"
"20070201",2007,1,2,"Febrero 2007",1,"Ju"
"20070202",2007,1,2,"Febrero 2007",2,"Vi"
"20070203",2007,1,2,"Febrero 2007",3,"Sá"
"20070204",2007,1,2,"Febrero 2007",4,"Do"
"20070205",2007,1,2,"Febrero 2007",5,"Lu"
"20070206",2007,1,2,"Febrero 2007",6,"Ma"
"20070207",2007,1,2,"Febrero 2007",7,"Mi"
"20070208",2007,1,2,"Febrero 2007",8,"Ju"
"20070209",2007,1,2,"Febrero 2007",9,"Vi"
"20070210",2007,1,2,"Febrero 2007",10,"Sá"
"20070211",2007,1,2,"Febrero 2007",11,"Do"
"20070212",2007,1,2,"Febrero 2007",12,"Lu"
"20070213",2007,1,2,"Febrero 2007",13,"Ma"
"20070214",2007,1,2,"Febrero 2007",14,"Mi"
"20070215",2007,1,2,"Febrero 2007",15,"Ju"
"20070216",2007,1,2,"Febrero 2007",16,"Vi"
"20070217",2007,1,2,"Febrero 2007",17,"Sá"
"20070218",2007,1,2,"Febrero 2007",18,"Do"
"20070219",2007,1,2,"Febrero 2007",19,"Lu"
"20070220",2007,1,2,"Febrero 2007",20,"Ma"
"20070221",2007,1,2,"Febrero 2007",21,"Mi"
"20070222",2007,1,2,"Febrero 2007",22,"Ju"
"20070223",2007,1,2,"Febrero 2007",23,"Vi"
"20070224",2007,1,2,"Febrero 2007",24,"Sá"
"20070225",2007,1,2,"Febrero 2007",25,"Do"
"20070226",2007,1,2,"Febrero 2007",26,"Lu"
"20070227",2007,1,2,"Febrero 2007",27,"Ma"
"20070228",2007,1,2,"Febrero 2007",28,"Mi"
"20070301",2007,1,3,"Marzo 2007",1,"Ju"
"20070302",2007,1,3,"Marzo 2007",2,"Vi"
"20070303",2007,1,3,"Marzo 2007",3,"Sá"
"20070304",2007,1,3,"Marzo 2007",4,"Do"
"20070305",2007,1,3,"Marzo 2007",5,"Lu"
"20070306",2007,1,3,"Marzo 2007",6,"Ma"
"20070307",2007,1,3,"Marzo 2007",7,"Mi"
"20070308",2007,1,3,"Marzo 2007",8,"Ju"
"20070309",2007,1,3,"Marzo 2007",9,"Vi"
"20070310",2007,1,3,"Marzo 2007",10,"Sá"
"20070311",2007,1,3,"Marzo 2007",11,"Do"
"20070312",2007,1,3,"Marzo 2007",12,"Lu"
"20070313",2007,1,3,"Marzo 2007",13,"Ma"
"20070314",2007,1,3,"Marzo 2007",14,"Mi"
"20070315",2007,1,3,"Marzo 2007",15,"Ju"
"20070316",2007,1,3,"Marzo 2007",16,"Vi"
"20070317",2007,1,3,"Marzo 2007",17,"Sá"
"20070318",2007,1,3,"Marzo 2007",18,"Do"
"20070319",2007,1,3,"Marzo 2007",19,"Lu"
"20070320",2007,1,3,"Marzo 2007",20,"Ma"
"20070321",2007,1,3,"Marzo 2007",21,"Mi"
"20070322",2007,1,3,"Marzo 2007",22,"Ju"
"20070323",2007,1,3,"Marzo 2007",23,"Vi"
"20070324",2007,1,3,"Marzo 2007",24,"Sá"
"20070325",2007,1,3,"Marzo 2007",25,"Do"
"20070326",2007,1,3,"Marzo 2007",26,"Lu"
"20070327",2007,1,3,"Marzo 2007",27,"Ma"
"20070328",2007,1,3,"Marzo 2007",28,"Mi"
"20070329",2007,1,3,"Marzo 2007",29,"Ju"
"20070330",2007,1,3,"Marzo 2007",30,"Vi"
"20070331",2007,1,3,"Marzo 2007",31,"Sá"
"20070401",2007,2,4,"Abril 2007",1,"Do"
"20070402",2007,2,4,"Abril 2007",2,"Lu"
"20070403",2007,2,4,"Abril 2007",3,"Ma"
"20070404",2007,2,4,"Abril 2007",4,"Mi"
"20070405",2007,2,4,"Abril 2007",5,"Ju"
"20070406",2007,2,4,"Abril 2007",6,"Vi"
"20070407",2007,2,4,"Abril 2007",7,"Sá"
"20070408",2007,2,4,"Abril 2007",8,"Do"
"20070409",2007,2,4,"Abril 2007",9,"Lu"
"20070410",2007,2,4,"Abril 2007",10,"Ma"
"20070411",2007,2,4,"Abril 2007",11,"Mi"
"20070412",2007,2,4,"Abril 2007",12,"Ju"
"20070413",2007,2,4,"Abril 2007",13,"Vi"
"20070414",2007,2,4,"Abril 2007",14,"Sá"
"20070415",2007,2,4,"Abril 2007",15,"Do"
"20070416",2007,2,4,"Abril 2007",16,"Lu"
"20070417",2007,2,4,"Abril 2007",17,"Ma"
"20070418",2007,2,4,"Abril 2007",18,"Mi"
"20070419",2007,2,4,"Abril 2007",19,"Ju"
"20070420",2007,2,4,"Abril 2007",20,"Vi"
"20070421",2007,2,4,"Abril 2007",21,"Sá"
"20070422",2007,2,4,"Abril 2007",22,"Do"
"20070423",2007,2,4,"Abril 2007",23,"Lu"
"20070424",2007,2,4,"Abril 2007",24,"Ma"
"20070425",2007,2,4,"Abril 2007",25,"Mi"
"20070426",2007,2,4,"Abril 2007",26,"Ju"
"20070427",2007,2,4,"Abril 2007",27,"Vi"
"20070428",2007,2,4,"Abril 2007",28,"Sá"
"20070429",2007,2,4,"Abril 2007",29,"Do"
"20070430",2007,2,4,"Abril 2007",30,"Lu"
"20070501",2007,2,5,"Mayo 2007",1,"Ma"
"20070502",2007,2,5,"Mayo 2007",2,"Mi"
"20070503",2007,2,5,"Mayo 2007",3,"Ju"
"20070504",2007,2,5,"Mayo 2007",4,"Vi"
"20070505",2007,2,5,"Mayo 2007",5,"Sá"
"20070506",2007,2,5,"Mayo 2007",6,"Do"
"20070507",2007,2,5,"Mayo 2007",7,"Lu"
"20070508",2007,2,5,"Mayo 2007",8,"Ma"
"20070509",2007,2,5,"Mayo 2007",9,"Mi"
"20070510",2007,2,5,"Mayo 2007",10,"Ju"
"20070511",2007,2,5,"Mayo 2007",11,"Vi"
"20070512",2007,2,5,"Mayo 2007",12,"Sá"
"20070513",2007,2,5,"Mayo 2007",13,"Do"
"20070514",2007,2,5,"Mayo 2007",14,"Lu"
"20070515",2007,2,5,"Mayo 2007",15,"Ma"
"20070516",2007,2,5,"Mayo 2007",16,"Mi"
"20070517",2007,2,5,"Mayo 2007",17,"Ju"
"20070518",2007,2,5,"Mayo 2007",18,"Vi"
"20070519",2007,2,5,"Mayo 2007",19,"Sá"
"20070520",2007,2,5,"Mayo 2007",20,"Do"
"20070521",2007,2,5,"Mayo 2007",21,"Lu"
"20070522",2007,2,5,"Mayo 2007",22,"Ma"
"20070523",2007,2,5,"Mayo 2007",23,"Mi"
"20070524",2007,2,5,"Mayo 2007",24,"Ju"
"20070525",2007,2,5,"Mayo 2007",25,"Vi"
"20070526",2007,2,5,"Mayo 2007",26,"Sá"
"20070527",2007,2,5,"Mayo 2007",27,"Do"
"20070528",2007,2,5,"Mayo 2007",28,"Lu"
"20070529",2007,2,5,"Mayo 2007",29,"Ma"
"20070530",2007,2,5,"Mayo 2007",30,"Mi"
"20070531",2007,2,5,"Mayo 2007",31,"Ju"
"20070601",2007,2,6,"Junio 2007",1,"Vi"
"20070602",2007,2,6,"Junio 2007",2,"Sá"
"20070603",2007,2,6,"Junio 2007",3,"Do"
"20070604",2007,2,6,"Junio 2007",4,"Lu"
"20070605",2007,2,6,"Junio 2007",5,"Ma"
"20070606",2007,2,6,"Junio 2007",6,"Mi"
"20070607",2007,2,6,"Junio 2007",7,"Ju"
"20070608",2007,2,6,"Junio 2007",8,"Vi"
"20070609",2007,2,6,"Junio 2007",9,"Sá"
"20070610",2007,2,6,"Junio 2007",10,"Do"
"20070611",2007,2,6,"Junio 2007",11,"Lu"
"20070612",2007,2,6,"Junio 2007",12,"Ma"
"20070613",2007,2,6,"Junio 2007",13,"Mi"
"20070614",2007,2,6,"Junio 2007",14,"Ju"
"20070615",2007,2,6,"Junio 2007",15,"Vi"
"20070616",2007,2,6,"Junio 2007",16,"Sá"
"20070617",2007,2,6,"Junio 2007",17,"Do"
"20070618",2007,2,6,"Junio 2007",18,"Lu"
"20070619",2007,2,6,"Junio 2007",19,"Ma"
"20070620",2007,2,6,"Junio 2007",20,"Mi"
"20070621",2007,2,6,"Junio 2007",21,"Ju"
"20070622",2007,2,6,"Junio 2007",22,"Vi"
"20070623",2007,2,6,"Junio 2007",23,"Sá"
"20070624",2007,2,6,"Junio 2007",24,"Do"
"20070625",2007,2,6,"Junio 2007",25,"Lu"
"20070626",2007,2,6,"Junio 2007",26,"Ma"
"20070627",2007,2,6,"Junio 2007",27,"Mi"
"20070628",2007,2,6,"Junio 2007",28,"Ju"
"20070629",2007,2,6,"Junio 2007",29,"Vi"
"20070630",2007,2,6,"Junio 2007",30,"Sá"
"20070701",2007,3,7,"Julio 2007",1,"Do"
"20070702",2007,3,7,"Julio 2007",2,"Lu"
"20070703",2007,3,7,"Julio 2007",3,"Ma"
"20070704",2007,3,7,"Julio 2007",4,"Mi"
"20070705",2007,3,7,"Julio 2007",5,"Ju"
"20070706",2007,3,7,"Julio 2007",6,"Vi"
"20070707",2007,3,7,"Julio 2007",7,"Sá"
"20070708",2007,3,7,"Julio 2007",8,"Do"
"20070709",2007,3,7,"Julio 2007",9,"Lu"
"20070710",2007,3,7,"Julio 2007",10,"Ma"
"20070711",2007,3,7,"Julio 2007",11,"Mi"
"20070712",2007,3,7,"Julio 2007",12,"Ju"
"20070713",2007,3,7,"Julio 2007",13,"Vi"
"20070714",2007,3,7,"Julio 2007",14,"Sá"
"20070715",2007,3,7,"Julio 2007",15,"Do"
"20070716",2007,3,7,"Julio 2007",16,"Lu"
"20070717",2007,3,7,"Julio 2007",17,"Ma"
"20070718",2007,3,7,"Julio 2007",18,"Mi"
"20070719",2007,3,7,"Julio 2007",19,"Ju"
"20070720",2007,3,7,"Julio 2007",20,"Vi"
"20070721",2007,3,7,"Julio 2007",21,"Sá"
"20070722",2007,3,7,"Julio 2007",22,"Do"
"20070723",2007,3,7,"Julio 2007",23,"Lu"
"20070724",2007,3,7,"Julio 2007",24,"Ma"
"20070725",2007,3,7,"Julio 2007",25,"Mi"
"20070726",2007,3,7,"Julio 2007",26,"Ju"
"20070727",2007,3,7,"Julio 2007",27,"Vi"
"20070728",2007,3,7,"Julio 2007",28,"Sá"
"20070729",2007,3,7,"Julio 2007",29,"Do"
"20070730",2007,3,7,"Julio 2007",30,"Lu"
"20070731",2007,3,7,"Julio 2007",31,"Ma"
"20070801",2007,3,8,"Agosto 2007",1,"Mi"
"20070802",2007,3,8,"Agosto 2007",2,"Ju"
"20070803",2007,3,8,"Agosto 2007",3,"Vi"
"20070804",2007,3,8,"Agosto 2007",4,"Sá"
"20070805",2007,3,8,"Agosto 2007",5,"Do"
"20070806",2007,3,8,"Agosto 2007",6,"Lu"
"20070807",2007,3,8,"Agosto 2007",7,"Ma"
"20070808",2007,3,8,"Agosto 2007",8,"Mi"
"20070809",2007,3,8,"Agosto 2007",9,"Ju"
"20070810",2007,3,8,"Agosto 2007",10,"Vi"
"20070811",2007,3,8,"Agosto 2007",11,"Sá"
"20070812",2007,3,8,"Agosto 2007",12,"Do"
"20070813",2007,3,8,"Agosto 2007",13,"Lu"
"20070814",2007,3,8,"Agosto 2007",14,"Ma"
"20070815",2007,3,8,"Agosto 2007",15,"Mi"
"20070816",2007,3,8,"Agosto 2007",16,"Ju"
"20070817",2007,3,8,"Agosto 2007",17,"Vi"
"20070818",2007,3,8,"Agosto 2007",18,"Sá"
"20070819",2007,3,8,"Agosto 2007",19,"Do"
"20070820",2007,3,8,"Agosto 2007",20,"Lu"
"20070821",2007,3,8,"Agosto 2007",21,"Ma"
"20070822",2007,3,8,"Agosto 2007",22,"Mi"
"20070823",2007,3,8,"Agosto 2007",23,"Ju"
"20070824",2007,3,8,"Agosto 2007",24,"Vi"
"20070825",2007,3,8,"Agosto 2007",25,"Sá"
"20070826",2007,3,8,"Agosto 2007",26,"Do"
"20070827",2007,3,8,"Agosto 2007",27,"Lu"
"20070828",2007,3,8,"Agosto 2007",28,"Ma"
"20070829",2007,3,8,"Agosto 2007",29,"Mi"
"20070830",2007,3,8,"Agosto 2007",30,"Ju"
"20070831",2007,3,8,"Agosto 2007",31,"Vi"
"20070901",2007,3,9,"Septiembre 2007",1,"Sá"
"20070902",2007,3,9,"Septiembre 2007",2,"Do"
"20070903",2007,3,9,"Septiembre 2007",3,"Lu"
"20070904",2007,3,9,"Septiembre 2007",4,"Ma"
"20070905",2007,3,9,"Septiembre 2007",5,"Mi"
"20070906",2007,3,9,"Septiembre 2007",6,"Ju"
"20070907",2007,3,9,"Septiembre 2007",7,"Vi"
"20070908",2007,3,9,"Septiembre 2007",8,"Sá"
"20070909",2007,3,9,"Septiembre 2007",9,"Do"
"20070910",2007,3,9,"Septiembre 2007",10,"Lu"
"20070911",2007,3,9,"Septiembre 2007",11,"Ma"
"20070912",2007,3,9,"Septiembre 2007",12,"Mi"
"20070913",2007,3,9,"Septiembre 2007",13,"Ju"
"20070914",2007,3,9,"Septiembre 2007",14,"Vi"
"20070915",2007,3,9,"Septiembre 2007",15,"Sá"
"20070916",2007,3,9,"Septiembre 2007",16,"Do"
"20070917",2007,3,9,"Septiembre 2007",17,"Lu"
"20070918",2007,3,9,"Septiembre 2007",18,"Ma"
"20070919",2007,3,9,"Septiembre 2007",19,"Mi"
"20070920",2007,3,9,"Septiembre 2007",20,"Ju"
"20070921",2007,3,9,"Septiembre 2007",21,"Vi"
"20070922",2007,3,9,"Septiembre 2007",22,"Sá"
"20070923",2007,3,9,"Septiembre 2007",23,"Do"
"20070924",2007,3,9,"Septiembre 2007",24,"Lu"
"20070925",2007,3,9,"Septiembre 2007",25,"Ma"
"20070926",2007,3,9,"Septiembre 2007",26,"Mi"
"20070927",2007,3,9,"Septiembre 2007",27,"Ju"
"20070928",2007,3,9,"Septiembre 2007",28,"Vi"
"20070929",2007,3,9,"Septiembre 2007",29,"Sá"
"20070930",2007,3,9,"Septiembre 2007",30,"Do"
"20071001",2007,4,10,"Octubre 2007",1,"Lu"
"20071002",2007,4,10,"Octubre 2007",2,"Ma"
"20071003",2007,4,10,"Octubre 2007",3,"Mi"
"20071004",2007,4,10,"Octubre 2007",4,"Ju"
"20071005",2007,4,10,"Octubre 2007",5,"Vi"
"20071006",2007,4,10,"Octubre 2007",6,"Sá"
"20071007",2007,4,10,"Octubre 2007",7,"Do"
"20071008",2007,4,10,"Octubre 2007",8,"Lu"
"20071009",2007,4,10,"Octubre 2007",9,"Ma"
"20071010",2007,4,10,"Octubre 2007",10,"Mi"
"20071011",2007,4,10,"Octubre 2007",11,"Ju"
"20071012",2007,4,10,"Octubre 2007",12,"Vi"
"20071013",2007,4,10,"Octubre 2007",13,"Sá"
"20071014",2007,4,10,"Octubre 2007",14,"Do"
"20071015",2007,4,10,"Octubre 2007",15,"Lu"
"20071016",2007,4,10,"Octubre 2007",16,"Ma"
"20071017",2007,4,10,"Octubre 2007",17,"Mi"
"20071018",2007,4,10,"Octubre 2007",18,"Ju"
"20071019",2007,4,10,"Octubre 2007",19,"Vi"
"20071020",2007,4,10,"Octubre 2007",20,"Sá"
"20071021",2007,4,10,"Octubre 2007",21,"Do"
"20071022",2007,4,10,"Octubre 2007",22,"Lu"
"20071023",2007,4,10,"Octubre 2007",23,"Ma"
"20071024",2007,4,10,"Octubre 2007",24,"Mi"
"20071025",2007,4,10,"Octubre 2007",25,"Ju"
"20071026",2007,4,10,"Octubre 2007",26,"Vi"
"20071027",2007,4,10,"Octubre 2007",27,"Sá"
"20071028",2007,4,10,"Octubre 2007",28,"Do"
"20071029",2007,4,10,"Octubre 2007",29,"Lu"
"20071030",2007,4,10,"Octubre 2007",30,"Ma"
"20071031",2007,4,10,"Octubre 2007",31,"Mi"
"20071101",2007,4,11,"Noviembre 2007",1,"Ju"
"20071102",2007,4,11,"Noviembre 2007",2,"Vi"
"20071103",2007,4,11,"Noviembre 2007",3,"Sá"
"20071104",2007,4,11,"Noviembre 2007",4,"Do"
"20071105",2007,4,11,"Noviembre 2007",5,"Lu"
"20071106",2007,4,11,"Noviembre 2007",6,"Ma"
"20071107",2007,4,11,"Noviembre 2007",7,"Mi"
"20071108",2007,4,11,"Noviembre 2007",8,"Ju"
"20071109",2007,4,11,"Noviembre 2007",9,"Vi"
"20071110",2007,4,11,"Noviembre 2007",10,"Sá"
"20071111",2007,4,11,"Noviembre 2007",11,"Do"
"20071112",2007,4,11,"Noviembre 2007",12,"Lu"
"20071113",2007,4,11,"Noviembre 2007",13,"Ma"
"20071114",2007,4,11,"Noviembre 2007",14,"Mi"
"20071115",2007,4,11,"Noviembre 2007",15,"Ju"
"20071116",2007,4,11,"Noviembre 2007",16,"Vi"
"20071117",2007,4,11,"Noviembre 2007",17,"Sá"
"20071118",2007,4,11,"Noviembre 2007",18,"Do"
"20071119",2007,4,11,"Noviembre 2007",19,"Lu"
"20071120",2007,4,11,"Noviembre 2007",20,"Ma"
"20071121",2007,4,11,"Noviembre 2007",21,"Mi"
"20071122",2007,4,11,"Noviembre 2007",22,"Ju"
"20071123",2007,4,11,"Noviembre 2007",23,"Vi"
"20071124",2007,4,11,"Noviembre 2007",24,"Sá"
"20071125",2007,4,11,"Noviembre 2007",25,"Do"
"20071126",2007,4,11,"Noviembre 2007",26,"Lu"
"20071127",2007,4,11,"Noviembre 2007",27,"Ma"
"20071128",2007,4,11,"Noviembre 2007",28,"Mi"
"20071129",2007,4,11,"Noviembre 2007",29,"Ju"
"20071130",2007,4,11,"Noviembre 2007",30,"Vi"
"20071201",2007,4,12,"Diciembre 2007",1,"Sá"
"20071202",2007,4,12,"Diciembre 2007",2,"Do"
"20071203",2007,4,12,"Diciembre 2007",3,"Lu"
"20071204",2007,4,12,"Diciembre 2007",4,"Ma"
"20071205",2007,4,12,"Diciembre 2007",5,"Mi"
"20071206",2007,4,12,"Diciembre 2007",6,"Ju"
"20071207",2007,4,12,"Diciembre 2007",7,"Vi"
"20071208",2007,4,12,"Diciembre 2007",8,"Sá"
"20071209",2007,4,12,"Diciembre 2007",9,"Do"
"20071210",2007,4,12,"Diciembre 2007",10,"Lu"
"20071211",2007,4,12,"Diciembre 2007",11,"Ma"
"20071212",2007,4,12,"Diciembre 2007",12,"Mi"
"20071213",2007,4,12,"Diciembre 2007",13,"Ju"
"20071214",2007,4,12,"Diciembre 2007",14,"Vi"
"20071215",2007,4,12,"Diciembre 2007",15,"Sá"
"20071216",2007,4,12,"Diciembre 2007",16,"Do"
"20071217",2007,4,12,"Diciembre 2007",17,"Lu"
"20071218",2007,4,12,"Diciembre 2007",18,"Ma"
"20071219",2007,4,12,"Diciembre 2007",19,"Mi"
"20071220",2007,4,12,"Diciembre 2007",20,"Ju"
"20071221",2007,4,12,"Diciembre 2007",21,"Vi"
"20071222",2007,4,12,"Diciembre 2007",22,"Sá"
"20071223",2007,4,12,"Diciembre 2007",23,"Do"
"20071224",2007,4,12,"Diciembre 2007",24,"Lu"
"20071225",2007,4,12,"Diciembre 2007",25,"Ma"
"20071226",2007,4,12,"Diciembre 2007",26,"Mi"
"20071227",2007,4,12,"Diciembre 2007",27,"Ju"
"20071228",2007,4,12,"Diciembre 2007",28,"Vi"
"20071229",2007,4,12,"Diciembre 2007",29,"Sá"
"20071230",2007,4,12,"Diciembre 2007",30,"Do"
"20071231",2007,4,12,"Diciembre 2007",31,"Lu"
"20080101",2008,1,1,"Enero 2008",1,"Ma"
"20080102",2008,1,1,"Enero 2008",2,"Mi"
"20080103",2008,1,1,"Enero 2008",3,"Ju"
"20080104",2008,1,1,"Enero 2008",4,"Vi"
"20080105",2008,1,1,"Enero 2008",5,"Sá"
"20080106",2008,1,1,"Enero 2008",6,"Do"
"20080107",2008,1,1,"Enero 2008",7,"Lu"
"20080108",2008,1,1,"Enero 2008",8,"Ma"
"20080109",2008,1,1,"Enero 2008",9,"Mi"
"20080110",2008,1,1,"Enero 2008",10,"Ju"
"20080111",2008,1,1,"Enero 2008",11,"Vi"
"20080112",2008,1,1,"Enero 2008",12,"Sá"
"20080113",2008,1,1,"Enero 2008",13,"Do"
"20080114",2008,1,1,"Enero 2008",14,"Lu"
"20080115",2008,1,1,"Enero 2008",15,"Ma"
"20080116",2008,1,1,"Enero 2008",16,"Mi"
"20080117",2008,1,1,"Enero 2008",17,"Ju"
"20080118",2008,1,1,"Enero 2008",18,"Vi"
"20080119",2008,1,1,"Enero 2008",19,"Sá"
"20080120",2008,1,1,"Enero 2008",20,"Do"
"20080121",2008,1,1,"Enero 2008",21,"Lu"
"20080122",2008,1,1,"Enero 2008",22,"Ma"
"20080123",2008,1,1,"Enero 2008",23,"Mi"
"20080124",2008,1,1,"Enero 2008",24,"Ju"
"20080125",2008,1,1,"Enero 2008",25,"Vi"
"20080126",2008,1,1,"Enero 2008",26,"Sá"
"20080127",2008,1,1,"Enero 2008",27,"Do"
"20080128",2008,1,1,"Enero 2008",28,"Lu"
"20080129",2008,1,1,"Enero 2008",29,"Ma"
"20080130",2008,1,1,"Enero 2008",30,"Mi"
"20080131",2008,1,1,"Enero 2008",31,"Ju"
"20080201",2008,1,2,"Febrero 2008",1,"Vi"
"20080202",2008,1,2,"Febrero 2008",2,"Sá"
"20080203",2008,1,2,"Febrero 2008",3,"Do"
"20080204",2008,1,2,"Febrero 2008",4,"Lu"
"20080205",2008,1,2,"Febrero 2008",5,"Ma"
"20080206",2008,1,2,"Febrero 2008",6,"Mi"
"20080207",2008,1,2,"Febrero 2008",7,"Ju"
"20080208",2008,1,2,"Febrero 2008",8,"Vi"
"20080209",2008,1,2,"Febrero 2008",9,"Sá"
"20080210",2008,1,2,"Febrero 2008",10,"Do"
"20080211",2008,1,2,"Febrero 2008",11,"Lu"
"20080212",2008,1,2,"Febrero 2008",12,"Ma"
"20080213",2008,1,2,"Febrero 2008",13,"Mi"
"20080214",2008,1,2,"Febrero 2008",14,"Ju"
"20080215",2008,1,2,"Febrero 2008",15,"Vi"
"20080216",2008,1,2,"Febrero 2008",16,"Sá"
"20080217",2008,1,2,"Febrero 2008",17,"Do"
"20080218",2008,1,2,"Febrero 2008",18,"Lu"
"20080219",2008,1,2,"Febrero 2008",19,"Ma"
"20080220",2008,1,2,"Febrero 2008",20,"Mi"
"20080221",2008,1,2,"Febrero 2008",21,"Ju"
"20080222",2008,1,2,"Febrero 2008",22,"Vi"
"20080223",2008,1,2,"Febrero 2008",23,"Sá"
"20080224",2008,1,2,"Febrero 2008",24,"Do"
"20080225",2008,1,2,"Febrero 2008",25,"Lu"
"20080226",2008,1,2,"Febrero 2008",26,"Ma"
"20080227",2008,1,2,"Febrero 2008",27,"Mi"
"20080228",2008,1,2,"Febrero 2008",28,"Ju"
"20080229",2008,1,2,"Febrero 2008",29,"Vi"
"20080301",2008,1,3,"Marzo 2008",1,"Sá"
"20080302",2008,1,3,"Marzo 2008",2,"Do"
"20080303",2008,1,3,"Marzo 2008",3,"Lu"
"20080304",2008,1,3,"Marzo 2008",4,"Ma"
"20080305",2008,1,3,"Marzo 2008",5,"Mi"
"20080306",2008,1,3,"Marzo 2008",6,"Ju"
"20080307",2008,1,3,"Marzo 2008",7,"Vi"
"20080308",2008,1,3,"Marzo 2008",8,"Sá"
"20080309",2008,1,3,"Marzo 2008",9,"Do"
"20080310",2008,1,3,"Marzo 2008",10,"Lu"
"20080311",2008,1,3,"Marzo 2008",11,"Ma"
"20080312",2008,1,3,"Marzo 2008",12,"Mi"
"20080313",2008,1,3,"Marzo 2008",13,"Ju"
"20080314",2008,1,3,"Marzo 2008",14,"Vi"
"20080315",2008,1,3,"Marzo 2008",15,"Sá"
"20080316",2008,1,3,"Marzo 2008",16,"Do"
"20080317",2008,1,3,"Marzo 2008",17,"Lu"
"20080318",2008,1,3,"Marzo 2008",18,"Ma"
"20080319",2008,1,3,"Marzo 2008",19,"Mi"
"20080320",2008,1,3,"Marzo 2008",20,"Ju"
"20080321",2008,1,3,"Marzo 2008",21,"Vi"
"20080322",2008,1,3,"Marzo 2008",22,"Sá"
"20080323",2008,1,3,"Marzo 2008",23,"Do"
"20080324",2008,1,3,"Marzo 2008",24,"Lu"
"20080325",2008,1,3,"Marzo 2008",25,"Ma"
"20080326",2008,1,3,"Marzo 2008",26,"Mi"
"20080327",2008,1,3,"Marzo 2008",27,"Ju"
"20080328",2008,1,3,"Marzo 2008",28,"Vi"
"20080329",2008,1,3,"Marzo 2008",29,"Sá"
"20080330",2008,1,3,"Marzo 2008",30,"Do"
"20080331",2008,1,3,"Marzo 2008",31,"Lu"
"20080401",2008,2,4,"Abril 2008",1,"Ma"
"20080402",2008,2,4,"Abril 2008",2,"Mi"
"20080403",2008,2,4,"Abril 2008",3,"Ju"
"20080404",2008,2,4,"Abril 2008",4,"Vi"
"20080405",2008,2,4,"Abril 2008",5,"Sá"
"20080406",2008,2,4,"Abril 2008",6,"Do"
"20080407",2008,2,4,"Abril 2008",7,"Lu"
"20080408",2008,2,4,"Abril 2008",8,"Ma"
"20080409",2008,2,4,"Abril 2008",9,"Mi"
"20080410",2008,2,4,"Abril 2008",10,"Ju"
"20080411",2008,2,4,"Abril 2008",11,"Vi"
"20080412",2008,2,4,"Abril 2008",12,"Sá"
"20080413",2008,2,4,"Abril 2008",13,"Do"
"20080414",2008,2,4,"Abril 2008",14,"Lu"
"20080415",2008,2,4,"Abril 2008",15,"Ma"
"20080416",2008,2,4,"Abril 2008",16,"Mi"
"20080417",2008,2,4,"Abril 2008",17,"Ju"
"20080418",2008,2,4,"Abril 2008",18,"Vi"
"20080419",2008,2,4,"Abril 2008",19,"Sá"
"20080420",2008,2,4,"Abril 2008",20,"Do"
"20080421",2008,2,4,"Abril 2008",21,"Lu"
"20080422",2008,2,4,"Abril 2008",22,"Ma"
"20080423",2008,2,4,"Abril 2008",23,"Mi"
"20080424",2008,2,4,"Abril 2008",24,"Ju"
"20080425",2008,2,4,"Abril 2008",25,"Vi"
"20080426",2008,2,4,"Abril 2008",26,"Sá"
"20080427",2008,2,4,"Abril 2008",27,"Do"
"20080428",2008,2,4,"Abril 2008",28,"Lu"
"20080429",2008,2,4,"Abril 2008",29,"Ma"
"20080430",2008,2,4,"Abril 2008",30,"Mi"
"20080501",2008,2,5,"Mayo 2008",1,"Ju"
"20080502",2008,2,5,"Mayo 2008",2,"Vi"
"20080503",2008,2,5,"Mayo 2008",3,"Sá"
"20080504",2008,2,5,"Mayo 2008",4,"Do"
"20080505",2008,2,5,"Mayo 2008",5,"Lu"
"20080506",2008,2,5,"Mayo 2008",6,"Ma"
"20080507",2008,2,5,"Mayo 2008",7,"Mi"
"20080508",2008,2,5,"Mayo 2008",8,"Ju"
"20080509",2008,2,5,"Mayo 2008",9,"Vi"
"20080510",2008,2,5,"Mayo 2008",10,"Sá"
"20080511",2008,2,5,"Mayo 2008",11,"Do"
"20080512",2008,2,5,"Mayo 2008",12,"Lu"
"20080513",2008,2,5,"Mayo 2008",13,"Ma"
"20080514",2008,2,5,"Mayo 2008",14,"Mi"
"20080515",2008,2,5,"Mayo 2008",15,"Ju"
"20080516",2008,2,5,"Mayo 2008",16,"Vi"
"20080517",2008,2,5,"Mayo 2008",17,"Sá"
"20080518",2008,2,5,"Mayo 2008",18,"Do"
"20080519",2008,2,5,"Mayo 2008",19,"Lu"
"20080520",2008,2,5,"Mayo 2008",20,"Ma"
"20080521",2008,2,5,"Mayo 2008",21,"Mi"
"20080522",2008,2,5,"Mayo 2008",22,"Ju"
"20080523",2008,2,5,"Mayo 2008",23,"Vi"
"20080524",2008,2,5,"Mayo 2008",24,"Sá"
"20080525",2008,2,5,"Mayo 2008",25,"Do"
"20080526",2008,2,5,"Mayo 2008",26,"Lu"
"20080527",2008,2,5,"Mayo 2008",27,"Ma"
"20080528",2008,2,5,"Mayo 2008",28,"Mi"
"20080529",2008,2,5,"Mayo 2008",29,"Ju"
"20080530",2008,2,5,"Mayo 2008",30,"Vi"
"20080531",2008,2,5,"Mayo 2008",31,"Sá"
"20080601",2008,2,6,"Junio 2008",1,"Do"
"20080602",2008,2,6,"Junio 2008",2,"Lu"
"20080603",2008,2,6,"Junio 2008",3,"Ma"
"20080604",2008,2,6,"Junio 2008",4,"Mi"
"20080605",2008,2,6,"Junio 2008",5,"Ju"
"20080606",2008,2,6,"Junio 2008",6,"Vi"
"20080607",2008,2,6,"Junio 2008",7,"Sá"
"20080608",2008,2,6,"Junio 2008",8,"Do"
"20080609",2008,2,6,"Junio 2008",9,"Lu"
"20080610",2008,2,6,"Junio 2008",10,"Ma"
"20080611",2008,2,6,"Junio 2008",11,"Mi"
"20080612",2008,2,6,"Junio 2008",12,"Ju"
"20080613",2008,2,6,"Junio 2008",13,"Vi"
"20080614",2008,2,6,"Junio 2008",14,"Sá"
"20080615",2008,2,6,"Junio 2008",15,"Do"
"20080616",2008,2,6,"Junio 2008",16,"Lu"
"20080617",2008,2,6,"Junio 2008",17,"Ma"
"20080618",2008,2,6,"Junio 2008",18,"Mi"
"20080619",2008,2,6,"Junio 2008",19,"Ju"
"20080620",2008,2,6,"Junio 2008",20,"Vi"
"20080621",2008,2,6,"Junio 2008",21,"Sá"
"20080622",2008,2,6,"Junio 2008",22,"Do"
"20080623",2008,2,6,"Junio 2008",23,"Lu"
"20080624",2008,2,6,"Junio 2008",24,"Ma"
"20080625",2008,2,6,"Junio 2008",25,"Mi"
"20080626",2008,2,6,"Junio 2008",26,"Ju"
"20080627",2008,2,6,"Junio 2008",27,"Vi"
"20080628",2008,2,6,"Junio 2008",28,"Sá"
"20080629",2008,2,6,"Junio 2008",29,"Do"
"20080630",2008,2,6,"Junio 2008",30,"Lu"
"20080701",2008,3,7,"Julio 2008",1,"Ma"
"20080702",2008,3,7,"Julio 2008",2,"Mi"
"20080703",2008,3,7,"Julio 2008",3,"Ju"
"20080704",2008,3,7,"Julio 2008",4,"Vi"
"20080705",2008,3,7,"Julio 2008",5,"Sá"
"20080706",2008,3,7,"Julio 2008",6,"Do"
"20080707",2008,3,7,"Julio 2008",7,"Lu"
"20080708",2008,3,7,"Julio 2008",8,"Ma"
"20080709",2008,3,7,"Julio 2008",9,"Mi"
"20080710",2008,3,7,"Julio 2008",10,"Ju"
"20080711",2008,3,7,"Julio 2008",11,"Vi"
"20080712",2008,3,7,"Julio 2008",12,"Sá"
"20080713",2008,3,7,"Julio 2008",13,"Do"
"20080714",2008,3,7,"Julio 2008",14,"Lu"
"20080715",2008,3,7,"Julio 2008",15,"Ma"
"20080716",2008,3,7,"Julio 2008",16,"Mi"
"20080717",2008,3,7,"Julio 2008",17,"Ju"
"20080718",2008,3,7,"Julio 2008",18,"Vi"
"20080719",2008,3,7,"Julio 2008",19,"Sá"
"20080720",2008,3,7,"Julio 2008",20,"Do"
"20080721",2008,3,7,"Julio 2008",21,"Lu"
"20080722",2008,3,7,"Julio 2008",22,"Ma"
"20080723",2008,3,7,"Julio 2008",23,"Mi"
"20080724",2008,3,7,"Julio 2008",24,"Ju"
"20080725",2008,3,7,"Julio 2008",25,"Vi"
"20080726",2008,3,7,"Julio 2008",26,"Sá"
"20080727",2008,3,7,"Julio 2008",27,"Do"
"20080728",2008,3,7,"Julio 2008",28,"Lu"
"20080729",2008,3,7,"Julio 2008",29,"Ma"
"20080730",2008,3,7,"Julio 2008",30,"Mi"
"20080731",2008,3,7,"Julio 2008",31,"Ju"
"20080801",2008,3,8,"Agosto 2008",1,"Vi"
"20080802",2008,3,8,"Agosto 2008",2,"Sá"
"20080803",2008,3,8,"Agosto 2008",3,"Do"
"20080804",2008,3,8,"Agosto 2008",4,"Lu"
"20080805",2008,3,8,"Agosto 2008",5,"Ma"
"20080806",2008,3,8,"Agosto 2008",6,"Mi"
"20080807",2008,3,8,"Agosto 2008",7,"Ju"
"20080808",2008,3,8,"Agosto 2008",8,"Vi"
"20080809",2008,3,8,"Agosto 2008",9,"Sá"
"20080810",2008,3,8,"Agosto 2008",10,"Do"
"20080811",2008,3,8,"Agosto 2008",11,"Lu"
"20080812",2008,3,8,"Agosto 2008",12,"Ma"
"20080813",2008,3,8,"Agosto 2008",13,"Mi"
"20080814",2008,3,8,"Agosto 2008",14,"Ju"
"20080815",2008,3,8,"Agosto 2008",15,"Vi"
"20080816",2008,3,8,"Agosto 2008",16,"Sá"
"20080817",2008,3,8,"Agosto 2008",17,"Do"
"20080818",2008,3,8,"Agosto 2008",18,"Lu"
"20080819",2008,3,8,"Agosto 2008",19,"Ma"
"20080820",2008,3,8,"Agosto 2008",20,"Mi"
"20080821",2008,3,8,"Agosto 2008",21,"Ju"
"20080822",2008,3,8,"Agosto 2008",22,"Vi"
"20080823",2008,3,8,"Agosto 2008",23,"Sá"
"20080824",2008,3,8,"Agosto 2008",24,"Do"
"20080825",2008,3,8,"Agosto 2008",25,"Lu"
"20080826",2008,3,8,"Agosto 2008",26,"Ma"
"20080827",2008,3,8,"Agosto 2008",27,"Mi"
"20080828",2008,3,8,"Agosto 2008",28,"Ju"
"20080829",2008,3,8,"Agosto 2008",29,"Vi"
"20080830",2008,3,8,"Agosto 2008",30,"Sá"
"20080831",2008,3,8,"Agosto 2008",31,"Do"
"20080901",2008,3,9,"Septiembre 2008",1,"Lu"
"20080902",2008,3,9,"Septiembre 2008",2,"Ma"
"20080903",2008,3,9,"Septiembre 2008",3,"Mi"
"20080904",2008,3,9,"Septiembre 2008",4,"Ju"
"20080905",2008,3,9,"Septiembre 2008",5,"Vi"
"20080906",2008,3,9,"Septiembre 2008",6,"Sá"
"20080907",2008,3,9,"Septiembre 2008",7,"Do"
"20080908",2008,3,9,"Septiembre 2008",8,"Lu"
"20080909",2008,3,9,"Septiembre 2008",9,"Ma"
"20080910",2008,3,9,"Septiembre 2008",10,"Mi"
"20080911",2008,3,9,"Septiembre 2008",11,"Ju"
"20080912",2008,3,9,"Septiembre 2008",12,"Vi"
"20080913",2008,3,9,"Septiembre 2008",13,"Sá"
"20080914",2008,3,9,"Septiembre 2008",14,"Do"
"20080915",2008,3,9,"Septiembre 2008",15,"Lu"
"20080916",2008,3,9,"Septiembre 2008",16,"Ma"
"20080917",2008,3,9,"Septiembre 2008",17,"Mi"
"20080918",2008,3,9,"Septiembre 2008",18,"Ju"
"20080919",2008,3,9,"Septiembre 2008",19,"Vi"
"20080920",2008,3,9,"Septiembre 2008",20,"Sá"
"20080921",2008,3,9,"Septiembre 2008",21,"Do"
"20080922",2008,3,9,"Septiembre 2008",22,"Lu"
"20080923",2008,3,9,"Septiembre 2008",23,"Ma"
"20080924",2008,3,9,"Septiembre 2008",24,"Mi"
"20080925",2008,3,9,"Septiembre 2008",25,"Ju"
"20080926",2008,3,9,"Septiembre 2008",26,"Vi"
"20080927",2008,3,9,"Septiembre 2008",27,"Sá"
"20080928",2008,3,9,"Septiembre 2008",28,"Do"
"20080929",2008,3,9,"Septiembre 2008",29,"Lu"
"20080930",2008,3,9,"Septiembre 2008",30,"Ma"
"20081001",2008,4,10,"Octubre 2008",1,"Mi"
"20081002",2008,4,10,"Octubre 2008",2,"Ju"
"20081003",2008,4,10,"Octubre 2008",3,"Vi"
"20081004",2008,4,10,"Octubre 2008",4,"Sá"
"20081005",2008,4,10,"Octubre 2008",5,"Do"
"20081006",2008,4,10,"Octubre 2008",6,"Lu"
"20081007",2008,4,10,"Octubre 2008",7,"Ma"
"20081008",2008,4,10,"Octubre 2008",8,"Mi"
"20081009",2008,4,10,"Octubre 2008",9,"Ju"
"20081010",2008,4,10,"Octubre 2008",10,"Vi"
"20081011",2008,4,10,"Octubre 2008",11,"Sá"
"20081012",2008,4,10,"Octubre 2008",12,"Do"
"20081013",2008,4,10,"Octubre 2008",13,"Lu"
"20081014",2008,4,10,"Octubre 2008",14,"Ma"
"20081015",2008,4,10,"Octubre 2008",15,"Mi"
"20081016",2008,4,10,"Octubre 2008",16,"Ju"
"20081017",2008,4,10,"Octubre 2008",17,"Vi"
"20081018",2008,4,10,"Octubre 2008",18,"Sá"
"20081019",2008,4,10,"Octubre 2008",19,"Do"
"20081020",2008,4,10,"Octubre 2008",20,"Lu"
"20081021",2008,4,10,"Octubre 2008",21,"Ma"
"20081022",2008,4,10,"Octubre 2008",22,"Mi"
"20081023",2008,4,10,"Octubre 2008",23,"Ju"
"20081024",2008,4,10,"Octubre 2008",24,"Vi"
"20081025",2008,4,10,"Octubre 2008",25,"Sá"
"20081026",2008,4,10,"Octubre 2008",26,"Do"
"20081027",2008,4,10,"Octubre 2008",27,"Lu"
"20081028",2008,4,10,"Octubre 2008",28,"Ma"
"20081029",2008,4,10,"Octubre 2008",29,"Mi"
"20081030",2008,4,10,"Octubre 2008",30,"Ju"
"20081031",2008,4,10,"Octubre 2008",31,"Vi"
"20081101",2008,4,11,"Noviembre 2008",1,"Sá"
"20081102",2008,4,11,"Noviembre 2008",2,"Do"
"20081103",2008,4,11,"Noviembre 2008",3,"Lu"
"20081104",2008,4,11,"Noviembre 2008",4,"Ma"
"20081105",2008,4,11,"Noviembre 2008",5,"Mi"
"20081106",2008,4,11,"Noviembre 2008",6,"Ju"
"20081107",2008,4,11,"Noviembre 2008",7,"Vi"
"20081108",2008,4,11,"Noviembre 2008",8,"Sá"
"20081109",2008,4,11,"Noviembre 2008",9,"Do"
"20081110",2008,4,11,"Noviembre 2008",10,"Lu"
"20081111",2008,4,11,"Noviembre 2008",11,"Ma"
"20081112",2008,4,11,"Noviembre 2008",12,"Mi"
"20081113",2008,4,11,"Noviembre 2008",13,"Ju"
"20081114",2008,4,11,"Noviembre 2008",14,"Vi"
"20081115",2008,4,11,"Noviembre 2008",15,"Sá"
"20081116",2008,4,11,"Noviembre 2008",16,"Do"
"20081117",2008,4,11,"Noviembre 2008",17,"Lu"
"20081118",2008,4,11,"Noviembre 2008",18,"Ma"
"20081119",2008,4,11,"Noviembre 2008",19,"Mi"
"20081120",2008,4,11,"Noviembre 2008",20,"Ju"
"20081121",2008,4,11,"Noviembre 2008",21,"Vi"
"20081122",2008,4,11,"Noviembre 2008",22,"Sá"
"20081123",2008,4,11,"Noviembre 2008",23,"Do"
"20081124",2008,4,11,"Noviembre 2008",24,"Lu"
"20081125",2008,4,11,"Noviembre 2008",25,"Ma"
"20081126",2008,4,11,"Noviembre 2008",26,"Mi"
"20081127",2008,4,11,"Noviembre 2008",27,"Ju"
"20081128",2008,4,11,"Noviembre 2008",28,"Vi"
"20081129",2008,4,11,"Noviembre 2008",29,"Sá"
"20081130",2008,4,11,"Noviembre 2008",30,"Do"
"20081201",2008,4,12,"Diciembre 2008",1,"Lu"
"20081202",2008,4,12,"Diciembre 2008",2,"Ma"
"20081203",2008,4,12,"Diciembre 2008",3,"Mi"
"20081204",2008,4,12,"Diciembre 2008",4,"Ju"
"20081205",2008,4,12,"Diciembre 2008",5,"Vi"
"20081206",2008,4,12,"Diciembre 2008",6,"Sá"
"20081207",2008,4,12,"Diciembre 2008",7,"Do"
"20081208",2008,4,12,"Diciembre 2008",8,"Lu"
"20081209",2008,4,12,"Diciembre 2008",9,"Ma"
"20081210",2008,4,12,"Diciembre 2008",10,"Mi"
"20081211",2008,4,12,"Diciembre 2008",11,"Ju"
"20081212",2008,4,12,"Diciembre 2008",12,"Vi"
"20081213",2008,4,12,"Diciembre 2008",13,"Sá"
"20081214",2008,4,12,"Diciembre 2008",14,"Do"
"20081215",2008,4,12,"Diciembre 2008",15,"Lu"
"20081216",2008,4,12,"Diciembre 2008",16,"Ma"
"20081217",2008,4,12,"Diciembre 2008",17,"Mi"
"20081218",2008,4,12,"Diciembre 2008",18,"Ju"
"20081219",2008,4,12,"Diciembre 2008",19,"Vi"
"20081220",2008,4,12,"Diciembre 2008",20,"Sá"
"20081221",2008,4,12,"Diciembre 2008",21,"Do"
"20081222",2008,4,12,"Diciembre 2008",22,"Lu"
"20081223",2008,4,12,"Diciembre 2008",23,"Ma"
"20081224",2008,4,12,"Diciembre 2008",24,"Mi"
"20081225",2008,4,12,"Diciembre 2008",25,"Ju"
"20081226",2008,4,12,"Diciembre 2008",26,"Vi"
"20081227",2008,4,12,"Diciembre 2008",27,"Sá"
"20081228",2008,4,12,"Diciembre 2008",28,"Do"
"20081229",2008,4,12,"Diciembre 2008",29,"Lu"
"20081230",2008,4,12,"Diciembre 2008",30,"Ma"
"20081231",2008,4,12,"Diciembre 2008",31,"Mi"
"20090101",2009,1,1,"Enero 2009",1,"Ju"
"20090102",2009,1,1,"Enero 2009",2,"Vi"
"20090103",2009,1,1,"Enero 2009",3,"Sá"
"20090104",2009,1,1,"Enero 2009",4,"Do"
"20090105",2009,1,1,"Enero 2009",5,"Lu"
"20090106",2009,1,1,"Enero 2009",6,"Ma"
"20090107",2009,1,1,"Enero 2009",7,"Mi"
"20090108",2009,1,1,"Enero 2009",8,"Ju"
"20090109",2009,1,1,"Enero 2009",9,"Vi"
"20090110",2009,1,1,"Enero 2009",10,"Sá"
"20090111",2009,1,1,"Enero 2009",11,"Do"
"20090112",2009,1,1,"Enero 2009",12,"Lu"
"20090113",2009,1,1,"Enero 2009",13,"Ma"
"20090114",2009,1,1,"Enero 2009",14,"Mi"
"20090115",2009,1,1,"Enero 2009",15,"Ju"
"20090116",2009,1,1,"Enero 2009",16,"Vi"
"20090117",2009,1,1,"Enero 2009",17,"Sá"
"20090118",2009,1,1,"Enero 2009",18,"Do"
"20090119",2009,1,1,"Enero 2009",19,"Lu"
"20090120",2009,1,1,"Enero 2009",20,"Ma"
"20090121",2009,1,1,"Enero 2009",21,"Mi"
"20090122",2009,1,1,"Enero 2009",22,"Ju"
"20090123",2009,1,1,"Enero 2009",23,"Vi"
"20090124",2009,1,1,"Enero 2009",24,"Sá"
"20090125",2009,1,1,"Enero 2009",25,"Do"
"20090126",2009,1,1,"Enero 2009",26,"Lu"
"20090127",2009,1,1,"Enero 2009",27,"Ma"
"20090128",2009,1,1,"Enero 2009",28,"Mi"
"20090129",2009,1,1,"Enero 2009",29,"Ju"
"20090130",2009,1,1,"Enero 2009",30,"Vi"
"20090131",2009,1,1,"Enero 2009",31,"Sá"
"20090201",2009,1,2,"Febrero 2009",1,"Do"
"20090202",2009,1,2,"Febrero 2009",2,"Lu"
"20090203",2009,1,2,"Febrero 2009",3,"Ma"
"20090204",2009,1,2,"Febrero 2009",4,"Mi"
"20090205",2009,1,2,"Febrero 2009",5,"Ju"
"20090206",2009,1,2,"Febrero 2009",6,"Vi"
"20090207",2009,1,2,"Febrero 2009",7,"Sá"
"20090208",2009,1,2,"Febrero 2009",8,"Do"
"20090209",2009,1,2,"Febrero 2009",9,"Lu"
"20090210",2009,1,2,"Febrero 2009",10,"Ma"
"20090211",2009,1,2,"Febrero 2009",11,"Mi"
"20090212",2009,1,2,"Febrero 2009",12,"Ju"
"20090213",2009,1,2,"Febrero 2009",13,"Vi"
"20090214",2009,1,2,"Febrero 2009",14,"Sá"
"20090215",2009,1,2,"Febrero 2009",15,"Do"
"20090216",2009,1,2,"Febrero 2009",16,"Lu"
"20090217",2009,1,2,"Febrero 2009",17,"Ma"
"20090218",2009,1,2,"Febrero 2009",18,"Mi"
"20090219",2009,1,2,"Febrero 2009",19,"Ju"
"20090220",2009,1,2,"Febrero 2009",20,"Vi"
"20090221",2009,1,2,"Febrero 2009",21,"Sá"
"20090222",2009,1,2,"Febrero 2009",22,"Do"
"20090223",2009,1,2,"Febrero 2009",23,"Lu"
"20090224",2009,1,2,"Febrero 2009",24,"Ma"
"20090225",2009,1,2,"Febrero 2009",25,"Mi"
"20090226",2009,1,2,"Febrero 2009",26,"Ju"
"20090227",2009,1,2,"Febrero 2009",27,"Vi"
"20090228",2009,1,2,"Febrero 2009",28,"Sá"
"20090301",2009,1,3,"Marzo 2009",1,"Do"
"20090302",2009,1,3,"Marzo 2009",2,"Lu"
"20090303",2009,1,3,"Marzo 2009",3,"Ma"
"20090304",2009,1,3,"Marzo 2009",4,"Mi"
"20090305",2009,1,3,"Marzo 2009",5,"Ju"
"20090306",2009,1,3,"Marzo 2009",6,"Vi"
"20090307",2009,1,3,"Marzo 2009",7,"Sá"
"20090308",2009,1,3,"Marzo 2009",8,"Do"
"20090309",2009,1,3,"Marzo 2009",9,"Lu"
"20090310",2009,1,3,"Marzo 2009",10,"Ma"
"20090311",2009,1,3,"Marzo 2009",11,"Mi"
"20090312",2009,1,3,"Marzo 2009",12,"Ju"
"20090313",2009,1,3,"Marzo 2009",13,"Vi"
"20090314",2009,1,3,"Marzo 2009",14,"Sá"
"20090315",2009,1,3,"Marzo 2009",15,"Do"
"20090316",2009,1,3,"Marzo 2009",16,"Lu"
"20090317",2009,1,3,"Marzo 2009",17,"Ma"
"20090318",2009,1,3,"Marzo 2009",18,"Mi"
"20090319",2009,1,3,"Marzo 2009",19,"Ju"
"20090320",2009,1,3,"Marzo 2009",20,"Vi"
"20090321",2009,1,3,"Marzo 2009",21,"Sá"
"20090322",2009,1,3,"Marzo 2009",22,"Do"
"20090323",2009,1,3,"Marzo 2009",23,"Lu"
"20090324",2009,1,3,"Marzo 2009",24,"Ma"
"20090325",2009,1,3,"Marzo 2009",25,"Mi"
"20090326",2009,1,3,"Marzo 2009",26,"Ju"
"20090327",2009,1,3,"Marzo 2009",27,"Vi"
"20090328",2009,1,3,"Marzo 2009",28,"Sá"
"20090329",2009,1,3,"Marzo 2009",29,"Do"
"20090330",2009,1,3,"Marzo 2009",30,"Lu"
"20090331",2009,1,3,"Marzo 2009",31,"Ma"
"20090401",2009,2,4,"Abril 2009",1,"Mi"
"20090402",2009,2,4,"Abril 2009",2,"Ju"
"20090403",2009,2,4,"Abril 2009",3,"Vi"
"20090404",2009,2,4,"Abril 2009",4,"Sá"
"20090405",2009,2,4,"Abril 2009",5,"Do"
"20090406",2009,2,4,"Abril 2009",6,"Lu"
"20090407",2009,2,4,"Abril 2009",7,"Ma"
"20090408",2009,2,4,"Abril 2009",8,"Mi"
"20090409",2009,2,4,"Abril 2009",9,"Ju"
"20090410",2009,2,4,"Abril 2009",10,"Vi"
"20090411",2009,2,4,"Abril 2009",11,"Sá"
"20090412",2009,2,4,"Abril 2009",12,"Do"
"20090413",2009,2,4,"Abril 2009",13,"Lu"
"20090414",2009,2,4,"Abril 2009",14,"Ma"
"20090415",2009,2,4,"Abril 2009",15,"Mi"
"20090416",2009,2,4,"Abril 2009",16,"Ju"
"20090417",2009,2,4,"Abril 2009",17,"Vi"
"20090418",2009,2,4,"Abril 2009",18,"Sá"
"20090419",2009,2,4,"Abril 2009",19,"Do"
"20090420",2009,2,4,"Abril 2009",20,"Lu"
"20090421",2009,2,4,"Abril 2009",21,"Ma"
"20090422",2009,2,4,"Abril 2009",22,"Mi"
"20090423",2009,2,4,"Abril 2009",23,"Ju"
"20090424",2009,2,4,"Abril 2009",24,"Vi"
"20090425",2009,2,4,"Abril 2009",25,"Sá"
"20090426",2009,2,4,"Abril 2009",26,"Do"
"20090427",2009,2,4,"Abril 2009",27,"Lu"
"20090428",2009,2,4,"Abril 2009",28,"Ma"
"20090429",2009,2,4,"Abril 2009",29,"Mi"
"20090430",2009,2,4,"Abril 2009",30,"Ju"
"20090501",2009,2,5,"Mayo 2009",1,"Vi"
"20090502",2009,2,5,"Mayo 2009",2,"Sá"
"20090503",2009,2,5,"Mayo 2009",3,"Do"
"20090504",2009,2,5,"Mayo 2009",4,"Lu"
"20090505",2009,2,5,"Mayo 2009",5,"Ma"
"20090506",2009,2,5,"Mayo 2009",6,"Mi"
"20090507",2009,2,5,"Mayo 2009",7,"Ju"
"20090508",2009,2,5,"Mayo 2009",8,"Vi"
"20090509",2009,2,5,"Mayo 2009",9,"Sá"
"20090510",2009,2,5,"Mayo 2009",10,"Do"
"20090511",2009,2,5,"Mayo 2009",11,"Lu"
"20090512",2009,2,5,"Mayo 2009",12,"Ma"
"20090513",2009,2,5,"Mayo 2009",13,"Mi"
"20090514",2009,2,5,"Mayo 2009",14,"Ju"
"20090515",2009,2,5,"Mayo 2009",15,"Vi"
"20090516",2009,2,5,"Mayo 2009",16,"Sá"
"20090517",2009,2,5,"Mayo 2009",17,"Do"
"20090518",2009,2,5,"Mayo 2009",18,"Lu"
"20090519",2009,2,5,"Mayo 2009",19,"Ma"
"20090520",2009,2,5,"Mayo 2009",20,"Mi"
"20090521",2009,2,5,"Mayo 2009",21,"Ju"
"20090522",2009,2,5,"Mayo 2009",22,"Vi"
"20090523",2009,2,5,"Mayo 2009",23,"Sá"
"20090524",2009,2,5,"Mayo 2009",24,"Do"
"20090525",2009,2,5,"Mayo 2009",25,"Lu"
"20090526",2009,2,5,"Mayo 2009",26,"Ma"
"20090527",2009,2,5,"Mayo 2009",27,"Mi"
"20090528",2009,2,5,"Mayo 2009",28,"Ju"
"20090529",2009,2,5,"Mayo 2009",29,"Vi"
"20090530",2009,2,5,"Mayo 2009",30,"Sá"
"20090531",2009,2,5,"Mayo 2009",31,"Do"
"20090601",2009,2,6,"Junio 2009",1,"Lu"
"20090602",2009,2,6,"Junio 2009",2,"Ma"
"20090603",2009,2,6,"Junio 2009",3,"Mi"
"20090604",2009,2,6,"Junio 2009",4,"Ju"
"20090605",2009,2,6,"Junio 2009",5,"Vi"
"20090606",2009,2,6,"Junio 2009",6,"Sá"
"20090607",2009,2,6,"Junio 2009",7,"Do"
"20090608",2009,2,6,"Junio 2009",8,"Lu"
"20090609",2009,2,6,"Junio 2009",9,"Ma"
"20090610",2009,2,6,"Junio 2009",10,"Mi"
"20090611",2009,2,6,"Junio 2009",11,"Ju"
"20090612",2009,2,6,"Junio 2009",12,"Vi"
"20090613",2009,2,6,"Junio 2009",13,"Sá"
"20090614",2009,2,6,"Junio 2009",14,"Do"
"20090615",2009,2,6,"Junio 2009",15,"Lu"
"20090616",2009,2,6,"Junio 2009",16,"Ma"
"20090617",2009,2,6,"Junio 2009",17,"Mi"
"20090618",2009,2,6,"Junio 2009",18,"Ju"
"20090619",2009,2,6,"Junio 2009",19,"Vi"
"20090620",2009,2,6,"Junio 2009",20,"Sá"
"20090621",2009,2,6,"Junio 2009",21,"Do"
"20090622",2009,2,6,"Junio 2009",22,"Lu"
"20090623",2009,2,6,"Junio 2009",23,"Ma"
"20090624",2009,2,6,"Junio 2009",24,"Mi"
"20090625",2009,2,6,"Junio 2009",25,"Ju"
"20090626",2009,2,6,"Junio 2009",26,"Vi"
"20090627",2009,2,6,"Junio 2009",27,"Sá"
"20090628",2009,2,6,"Junio 2009",28,"Do"
"20090629",2009,2,6,"Junio 2009",29,"Lu"
"20090630",2009,2,6,"Junio 2009",30,"Ma"
"20090701",2009,3,7,"Julio 2009",1,"Mi"
"20090702",2009,3,7,"Julio 2009",2,"Ju"
"20090703",2009,3,7,"Julio 2009",3,"Vi"
"20090704",2009,3,7,"Julio 2009",4,"Sá"
"20090705",2009,3,7,"Julio 2009",5,"Do"
"20090706",2009,3,7,"Julio 2009",6,"Lu"
"20090707",2009,3,7,"Julio 2009",7,"Ma"
"20090708",2009,3,7,"Julio 2009",8,"Mi"
"20090709",2009,3,7,"Julio 2009",9,"Ju"
"20090710",2009,3,7,"Julio 2009",10,"Vi"
"20090711",2009,3,7,"Julio 2009",11,"Sá"
"20090712",2009,3,7,"Julio 2009",12,"Do"
"20090713",2009,3,7,"Julio 2009",13,"Lu"
"20090714",2009,3,7,"Julio 2009",14,"Ma"
"20090715",2009,3,7,"Julio 2009",15,"Mi"
"20090716",2009,3,7,"Julio 2009",16,"Ju"
"20090717",2009,3,7,"Julio 2009",17,"Vi"
"20090718",2009,3,7,"Julio 2009",18,"Sá"
"20090719",2009,3,7,"Julio 2009",19,"Do"
"20090720",2009,3,7,"Julio 2009",20,"Lu"
"20090721",2009,3,7,"Julio 2009",21,"Ma"
"20090722",2009,3,7,"Julio 2009",22,"Mi"
"20090723",2009,3,7,"Julio 2009",23,"Ju"
"20090724",2009,3,7,"Julio 2009",24,"Vi"
"20090725",2009,3,7,"Julio 2009",25,"Sá"
"20090726",2009,3,7,"Julio 2009",26,"Do"
"20090727",2009,3,7,"Julio 2009",27,"Lu"
"20090728",2009,3,7,"Julio 2009",28,"Ma"
"20090729",2009,3,7,"Julio 2009",29,"Mi"
"20090730",2009,3,7,"Julio 2009",30,"Ju"
"20090731",2009,3,7,"Julio 2009",31,"Vi"
"20090801",2009,3,8,"Agosto 2009",1,"Sá"
"20090802",2009,3,8,"Agosto 2009",2,"Do"
"20090803",2009,3,8,"Agosto 2009",3,"Lu"
"20090804",2009,3,8,"Agosto 2009",4,"Ma"
"20090805",2009,3,8,"Agosto 2009",5,"Mi"
"20090806",2009,3,8,"Agosto 2009",6,"Ju"
"20090807",2009,3,8,"Agosto 2009",7,"Vi"
"20090808",2009,3,8,"Agosto 2009",8,"Sá"
"20090809",2009,3,8,"Agosto 2009",9,"Do"
"20090810",2009,3,8,"Agosto 2009",10,"Lu"
"20090811",2009,3,8,"Agosto 2009",11,"Ma"
"20090812",2009,3,8,"Agosto 2009",12,"Mi"
"20090813",2009,3,8,"Agosto 2009",13,"Ju"
"20090814",2009,3,8,"Agosto 2009",14,"Vi"
"20090815",2009,3,8,"Agosto 2009",15,"Sá"
"20090816",2009,3,8,"Agosto 2009",16,"Do"
"20090817",2009,3,8,"Agosto 2009",17,"Lu"
"20090818",2009,3,8,"Agosto 2009",18,"Ma"
"20090819",2009,3,8,"Agosto 2009",19,"Mi"
"20090820",2009,3,8,"Agosto 2009",20,"Ju"
"20090821",2009,3,8,"Agosto 2009",21,"Vi"
"20090822",2009,3,8,"Agosto 2009",22,"Sá"
"20090823",2009,3,8,"Agosto 2009",23,"Do"
"20090824",2009,3,8,"Agosto 2009",24,"Lu"
"20090825",2009,3,8,"Agosto 2009",25,"Ma"
"20090826",2009,3,8,"Agosto 2009",26,"Mi"
"20090827",2009,3,8,"Agosto 2009",27,"Ju"
"20090828",2009,3,8,"Agosto 2009",28,"Vi"
"20090829",2009,3,8,"Agosto 2009",29,"Sá"
"20090830",2009,3,8,"Agosto 2009",30,"Do"
"20090831",2009,3,8,"Agosto 2009",31,"Lu"
"20090901",2009,3,9,"Septiembre 2009",1,"Ma"
"20090902",2009,3,9,"Septiembre 2009",2,"Mi"
"20090903",2009,3,9,"Septiembre 2009",3,"Ju"
"20090904",2009,3,9,"Septiembre 2009",4,"Vi"
"20090905",2009,3,9,"Septiembre 2009",5,"Sá"
"20090906",2009,3,9,"Septiembre 2009",6,"Do"
"20090907",2009,3,9,"Septiembre 2009",7,"Lu"
"20090908",2009,3,9,"Septiembre 2009",8,"Ma"
"20090909",2009,3,9,"Septiembre 2009",9,"Mi"
"20090910",2009,3,9,"Septiembre 2009",10,"Ju"
"20090911",2009,3,9,"Septiembre 2009",11,"Vi"
"20090912",2009,3,9,"Septiembre 2009",12,"Sá"
"20090913",2009,3,9,"Septiembre 2009",13,"Do"
"20090914",2009,3,9,"Septiembre 2009",14,"Lu"
"20090915",2009,3,9,"Septiembre 2009",15,"Ma"
"20090916",2009,3,9,"Septiembre 2009",16,"Mi"
"20090917",2009,3,9,"Septiembre 2009",17,"Ju"
"20090918",2009,3,9,"Septiembre 2009",18,"Vi"
"20090919",2009,3,9,"Septiembre 2009",19,"Sá"
"20090920",2009,3,9,"Septiembre 2009",20,"Do"
"20090921",2009,3,9,"Septiembre 2009",21,"Lu"
"20090922",2009,3,9,"Septiembre 2009",22,"Ma"
"20090923",2009,3,9,"Septiembre 2009",23,"Mi"
"20090924",2009,3,9,"Septiembre 2009",24,"Ju"
"20090925",2009,3,9,"Septiembre 2009",25,"Vi"
"20090926",2009,3,9,"Septiembre 2009",26,"Sá"
"20090927",2009,3,9,"Septiembre 2009",27,"Do"
"20090928",2009,3,9,"Septiembre 2009",28,"Lu"
"20090929",2009,3,9,"Septiembre 2009",29,"Ma"
"20090930",2009,3,9,"Septiembre 2009",30,"Mi"
"20091001",2009,4,10,"Octubre 2009",1,"Ju"
"20091002",2009,4,10,"Octubre 2009",2,"Vi"
"20091003",2009,4,10,"Octubre 2009",3,"Sá"
"20091004",2009,4,10,"Octubre 2009",4,"Do"
"20091005",2009,4,10,"Octubre 2009",5,"Lu"
"20091006",2009,4,10,"Octubre 2009",6,"Ma"
"20091007",2009,4,10,"Octubre 2009",7,"Mi"
"20091008",2009,4,10,"Octubre 2009",8,"Ju"
"20091009",2009,4,10,"Octubre 2009",9,"Vi"
"20091010",2009,4,10,"Octubre 2009",10,"Sá"
"20091011",2009,4,10,"Octubre 2009",11,"Do"
"20091012",2009,4,10,"Octubre 2009",12,"Lu"
"20091013",2009,4,10,"Octubre 2009",13,"Ma"
"20091014",2009,4,10,"Octubre 2009",14,"Mi"
"20091015",2009,4,10,"Octubre 2009",15,"Ju"
"20091016",2009,4,10,"Octubre 2009",16,"Vi"
"20091017",2009,4,10,"Octubre 2009",17,"Sá"
"20091018",2009,4,10,"Octubre 2009",18,"Do"
"20091019",2009,4,10,"Octubre 2009",19,"Lu"
"20091020",2009,4,10,"Octubre 2009",20,"Ma"
"20091021",2009,4,10,"Octubre 2009",21,"Mi"
"20091022",2009,4,10,"Octubre 2009",22,"Ju"
"20091023",2009,4,10,"Octubre 2009",23,"Vi"
"20091024",2009,4,10,"Octubre 2009",24,"Sá"
"20091025",2009,4,10,"Octubre 2009",25,"Do"
"20091026",2009,4,10,"Octubre 2009",26,"Lu"
"20091027",2009,4,10,"Octubre 2009",27,"Ma"
"20091028",2009,4,10,"Octubre 2009",28,"Mi"
"20091029",2009,4,10,"Octubre 2009",29,"Ju"
"20091030",2009,4,10,"Octubre 2009",30,"Vi"
"20091031",2009,4,10,"Octubre 2009",31,"Sá"
"20091101",2009,4,11,"Noviembre 2009",1,"Do"
"20091102",2009,4,11,"Noviembre 2009",2,"Lu"
"20091103",2009,4,11,"Noviembre 2009",3,"Ma"
"20091104",2009,4,11,"Noviembre 2009",4,"Mi"
"20091105",2009,4,11,"Noviembre 2009",5,"Ju"
"20091106",2009,4,11,"Noviembre 2009",6,"Vi"
"20091107",2009,4,11,"Noviembre 2009",7,"Sá"
"20091108",2009,4,11,"Noviembre 2009",8,"Do"
"20091109",2009,4,11,"Noviembre 2009",9,"Lu"
"20091110",2009,4,11,"Noviembre 2009",10,"Ma"
"20091111",2009,4,11,"Noviembre 2009",11,"Mi"
"20091112",2009,4,11,"Noviembre 2009",12,"Ju"
"20091113",2009,4,11,"Noviembre 2009",13,"Vi"
"20091114",2009,4,11,"Noviembre 2009",14,"Sá"
"20091115",2009,4,11,"Noviembre 2009",15,"Do"
"20091116",2009,4,11,"Noviembre 2009",16,"Lu"
"20091117",2009,4,11,"Noviembre 2009",17,"Ma"
"20091118",2009,4,11,"Noviembre 2009",18,"Mi"
"20091119",2009,4,11,"Noviembre 2009",19,"Ju"
"20091120",2009,4,11,"Noviembre 2009",20,"Vi"
"20091121",2009,4,11,"Noviembre 2009",21,"Sá"
"20091122",2009,4,11,"Noviembre 2009",22,"Do"
"20091123",2009,4,11,"Noviembre 2009",23,"Lu"
"20091124",2009,4,11,"Noviembre 2009",24,"Ma"
"20091125",2009,4,11,"Noviembre 2009",25,"Mi"
"20091126",2009,4,11,"Noviembre 2009",26,"Ju"
"20091127",2009,4,11,"Noviembre 2009",27,"Vi"
"20091128",2009,4,11,"Noviembre 2009",28,"Sá"
"20091129",2009,4,11,"Noviembre 2009",29,"Do"
"20091130",2009,4,11,"Noviembre 2009",30,"Lu"
"20091201",2009,4,12,"Diciembre 2009",1,"Ma"
"20091202",2009,4,12,"Diciembre 2009",2,"Mi"
"20091203",2009,4,12,"Diciembre 2009",3,"Ju"
"20091204",2009,4,12,"Diciembre 2009",4,"Vi"
"20091205",2009,4,12,"Diciembre 2009",5,"Sá"
"20091206",2009,4,12,"Diciembre 2009",6,"Do"
"20091207",2009,4,12,"Diciembre 2009",7,"Lu"
"20091208",2009,4,12,"Diciembre 2009",8,"Ma"
"20091209",2009,4,12,"Diciembre 2009",9,"Mi"
"20091210",2009,4,12,"Diciembre 2009",10,"Ju"
"20091211",2009,4,12,"Diciembre 2009",11,"Vi"
"20091212",2009,4,12,"Diciembre 2009",12,"Sá"
"20091213",2009,4,12,"Diciembre 2009",13,"Do"
"20091214",2009,4,12,"Diciembre 2009",14,"Lu"
"20091215",2009,4,12,"Diciembre 2009",15,"Ma"
"20091216",2009,4,12,"Diciembre 2009",16,"Mi"
"20091217",2009,4,12,"Diciembre 2009",17,"Ju"
"20091218",2009,4,12,"Diciembre 2009",18,"Vi"
"20091219",2009,4,12,"Diciembre 2009",19,"Sá"
"20091220",2009,4,12,"Diciembre 2009",20,"Do"
"20091221",2009,4,12,"Diciembre 2009",21,"Lu"
"20091222",2009,4,12,"Diciembre 2009",22,"Ma"
"20091223",2009,4,12,"Diciembre 2009",23,"Mi"
"20091224",2009,4,12,"Diciembre 2009",24,"Ju"
"20091225",2009,4,12,"Diciembre 2009",25,"Vi"
"20091226",2009,4,12,"Diciembre 2009",26,"Sá"
"20091227",2009,4,12,"Diciembre 2009",27,"Do"
"20091228",2009,4,12,"Diciembre 2009",28,"Lu"
"20091229",2009,4,12,"Diciembre 2009",29,"Ma"
"20091230",2009,4,12,"Diciembre 2009",30,"Mi"
"20091231",2009,4,12,"Diciembre 2009",31,"Ju"
