"date_id","year","quarter","month","month_name","day_in_month","day_name"
"20080101",2008,1,1,"Ene 2008",1,"Ma"
"20080102",2008,1,1,"Ene 2008",2,"Mi"
"20080103",2008,1,1,"Ene 2008",3,"Ju"
"20080104",2008,1,1,"Ene 2008",4,"Vi"
"20080105",2008,1,1,"Ene 2008",5,"Sa"
"20080106",2008,1,1,"Ene 2008",6,"Do"
"20080107",2008,1,1,"Ene 2008",7,"Lu"
"20080108",2008,1,1,"Ene 2008",8,"Ma"
"20080109",2008,1,1,"Ene 2008",9,"Mi"
"20080110",2008,1,1,"Ene 2008",10,"Ju"
"20080111",2008,1,1,"Ene 2008",11,"Vi"
"20080112",2008,1,1,"Ene 2008",12,"Sa"
"20080113",2008,1,1,"Ene 2008",13,"Do"
"20080114",2008,1,1,"Ene 2008",14,"Lu"
"20080115",2008,1,1,"Ene 2008",15,"Ma"
"20080116",2008,1,1,"Ene 2008",16,"Mi"
"20080117",2008,1,1,"Ene 2008",17,"Ju"
"20080118",2008,1,1,"Ene 2008",18,"Vi"
"20080119",2008,1,1,"Ene 2008",19,"Sa"
"20080120",2008,1,1,"Ene 2008",20,"Do"
"20080121",2008,1,1,"Ene 2008",21,"Lu"
"20080122",2008,1,1,"Ene 2008",22,"Ma"
"20080123",2008,1,1,"Ene 2008",23,"Mi"
"20080124",2008,1,1,"Ene 2008",24,"Ju"
"20080125",2008,1,1,"Ene 2008",25,"Vi"
"20080126",2008,1,1,"Ene 2008",26,"Sa"
"20080127",2008,1,1,"Ene 2008",27,"Do"
"20080128",2008,1,1,"Ene 2008",28,"Lu"
"20080129",2008,1,1,"Ene 2008",29,"Ma"
"20080130",2008,1,1,"Ene 2008",30,"Mi"
"20080131",2008,1,1,"Ene 2008",31,"Ju"
"20080201",2008,1,2,"Feb 2008",1,"Vi"
"20080202",2008,1,2,"Feb 2008",2,"Sa"
"20080203",2008,1,2,"Feb 2008",3,"Do"
"20080204",2008,1,2,"Feb 2008",4,"Lu"
"20080205",2008,1,2,"Feb 2008",5,"Ma"
"20080206",2008,1,2,"Feb 2008",6,"Mi"
"20080207",2008,1,2,"Feb 2008",7,"Ju"
"20080208",2008,1,2,"Feb 2008",8,"Vi"
"20080209",2008,1,2,"Feb 2008",9,"Sa"
"20080210",2008,1,2,"Feb 2008",10,"Do"
"20080211",2008,1,2,"Feb 2008",11,"Lu"
"20080212",2008,1,2,"Feb 2008",12,"Ma"
"20080213",2008,1,2,"Feb 2008",13,"Mi"
"20080214",2008,1,2,"Feb 2008",14,"Ju"
"20080215",2008,1,2,"Feb 2008",15,"Vi"
"20080216",2008,1,2,"Feb 2008",16,"Sa"
"20080217",2008,1,2,"Feb 2008",17,"Do"
"20080218",2008,1,2,"Feb 2008",18,"Lu"
"20080219",2008,1,2,"Feb 2008",19,"Ma"
"20080220",2008,1,2,"Feb 2008",20,"Mi"
"20080221",2008,1,2,"Feb 2008",21,"Ju"
"20080222",2008,1,2,"Feb 2008",22,"Vi"
"20080223",2008,1,2,"Feb 2008",23,"Sa"
"20080224",2008,1,2,"Feb 2008",24,"Do"
"20080225",2008,1,2,"Feb 2008",25,"Lu"
"20080226",2008,1,2,"Feb 2008",26,"Ma"
"20080227",2008,1,2,"Feb 2008",27,"Mi"
"20080228",2008,1,2,"Feb 2008",28,"Ju"
"20080229",2008,1,2,"Feb 2008",29,"Vi"
"20080301",2008,1,3,"Mar 2008",1,"Sa"
"20080302",2008,1,3,"Mar 2008",2,"Do"
"20080303",2008,1,3,"Mar 2008",3,"Lu"
"20080304",2008,1,3,"Mar 2008",4,"Ma"
"20080305",2008,1,3,"Mar 2008",5,"Mi"
"20080306",2008,1,3,"Mar 2008",6,"Ju"
"20080307",2008,1,3,"Mar 2008",7,"Vi"
"20080308",2008,1,3,"Mar 2008",8,"Sa"
"20080309",2008,1,3,"Mar 2008",9,"Do"
"20080310",2008,1,3,"Mar 2008",10,"Lu"
"20080311",2008,1,3,"Mar 2008",11,"Ma"
"20080312",2008,1,3,"Mar 2008",12,"Mi"
"20080313",2008,1,3,"Mar 2008",13,"Ju"
"20080314",2008,1,3,"Mar 2008",14,"Vi"
"20080315",2008,1,3,"Mar 2008",15,"Sa"
"20080316",2008,1,3,"Mar 2008",16,"Do"
"20080317",2008,1,3,"Mar 2008",17,"Lu"
"20080318",2008,1,3,"Mar 2008",18,"Ma"
"20080319",2008,1,3,"Mar 2008",19,"Mi"
"20080320",2008,1,3,"Mar 2008",20,"Ju"
"20080321",2008,1,3,"Mar 2008",21,"Vi"
"20080322",2008,1,3,"Mar 2008",22,"Sa"
"20080323",2008,1,3,"Mar 2008",23,"Do"
"20080324",2008,1,3,"Mar 2008",24,"Lu"
"20080325",2008,1,3,"Mar 2008",25,"Ma"
"20080326",2008,1,3,"Mar 2008",26,"Mi"
"20080327",2008,1,3,"Mar 2008",27,"Ju"
"20080328",2008,1,3,"Mar 2008",28,"Vi"
"20080329",2008,1,3,"Mar 2008",29,"Sa"
"20080330",2008,1,3,"Mar 2008",30,"Do"
"20080331",2008,1,3,"Mar 2008",31,"Lu"
"20080401",2008,2,4,"Abr 2008",1,"Ma"
"20080402",2008,2,4,"Abr 2008",2,"Mi"
"20080403",2008,2,4,"Abr 2008",3,"Ju"
"20080404",2008,2,4,"Abr 2008",4,"Vi"
"20080405",2008,2,4,"Abr 2008",5,"Sa"
"20080406",2008,2,4,"Abr 2008",6,"Do"
"20080407",2008,2,4,"Abr 2008",7,"Lu"
"20080408",2008,2,4,"Abr 2008",8,"Ma"
"20080409",2008,2,4,"Abr 2008",9,"Mi"
"20080410",2008,2,4,"Abr 2008",10,"Ju"
"20080411",2008,2,4,"Abr 2008",11,"Vi"
"20080412",2008,2,4,"Abr 2008",12,"Sa"
"20080413",2008,2,4,"Abr 2008",13,"Do"
"20080414",2008,2,4,"Abr 2008",14,"Lu"
"20080415",2008,2,4,"Abr 2008",15,"Ma"
"20080416",2008,2,4,"Abr 2008",16,"Mi"
"20080417",2008,2,4,"Abr 2008",17,"Ju"
"20080418",2008,2,4,"Abr 2008",18,"Vi"
"20080419",2008,2,4,"Abr 2008",19,"Sa"
"20080420",2008,2,4,"Abr 2008",20,"Do"
"20080421",2008,2,4,"Abr 2008",21,"Lu"
"20080422",2008,2,4,"Abr 2008",22,"Ma"
"20080423",2008,2,4,"Abr 2008",23,"Mi"
"20080424",2008,2,4,"Abr 2008",24,"Ju"
"20080425",2008,2,4,"Abr 2008",25,"Vi"
"20080426",2008,2,4,"Abr 2008",26,"Sa"
"20080427",2008,2,4,"Abr 2008",27,"Do"
"20080428",2008,2,4,"Abr 2008",28,"Lu"
"20080429",2008,2,4,"Abr 2008",29,"Ma"
"20080430",2008,2,4,"Abr 2008",30,"Mi"
"20080501",2008,2,5,"May 2008",1,"Ju"
"20080502",2008,2,5,"May 2008",2,"Vi"
"20080503",2008,2,5,"May 2008",3,"Sa"
"20080504",2008,2,5,"May 2008",4,"Do"
"20080505",2008,2,5,"May 2008",5,"Lu"
"20080506",2008,2,5,"May 2008",6,"Ma"
"20080507",2008,2,5,"May 2008",7,"Mi"
"20080508",2008,2,5,"May 2008",8,"Ju"
"20080509",2008,2,5,"May 2008",9,"Vi"
"20080510",2008,2,5,"May 2008",10,"Sa"
"20080511",2008,2,5,"May 2008",11,"Do"
"20080512",2008,2,5,"May 2008",12,"Lu"
"20080513",2008,2,5,"May 2008",13,"Ma"
"20080514",2008,2,5,"May 2008",14,"Mi"
"20080515",2008,2,5,"May 2008",15,"Ju"
"20080516",2008,2,5,"May 2008",16,"Vi"
"20080517",2008,2,5,"May 2008",17,"Sa"
"20080518",2008,2,5,"May 2008",18,"Do"
"20080519",2008,2,5,"May 2008",19,"Lu"
"20080520",2008,2,5,"May 2008",20,"Ma"
"20080521",2008,2,5,"May 2008",21,"Mi"
"20080522",2008,2,5,"May 2008",22,"Ju"
"20080523",2008,2,5,"May 2008",23,"Vi"
"20080524",2008,2,5,"May 2008",24,"Sa"
"20080525",2008,2,5,"May 2008",25,"Do"
"20080526",2008,2,5,"May 2008",26,"Lu"
"20080527",2008,2,5,"May 2008",27,"Ma"
"20080528",2008,2,5,"May 2008",28,"Mi"
"20080529",2008,2,5,"May 2008",29,"Ju"
"20080530",2008,2,5,"May 2008",30,"Vi"
"20080531",2008,2,5,"May 2008",31,"Sa"
"20080601",2008,2,6,"Jun 2008",1,"Do"
"20080602",2008,2,6,"Jun 2008",2,"Lu"
"20080603",2008,2,6,"Jun 2008",3,"Ma"
"20080604",2008,2,6,"Jun 2008",4,"Mi"
"20080605",2008,2,6,"Jun 2008",5,"Ju"
"20080606",2008,2,6,"Jun 2008",6,"Vi"
"20080607",2008,2,6,"Jun 2008",7,"Sa"
"20080608",2008,2,6,"Jun 2008",8,"Do"
"20080609",2008,2,6,"Jun 2008",9,"Lu"
"20080610",2008,2,6,"Jun 2008",10,"Ma"
"20080611",2008,2,6,"Jun 2008",11,"Mi"
"20080612",2008,2,6,"Jun 2008",12,"Ju"
"20080613",2008,2,6,"Jun 2008",13,"Vi"
"20080614",2008,2,6,"Jun 2008",14,"Sa"
"20080615",2008,2,6,"Jun 2008",15,"Do"
"20080616",2008,2,6,"Jun 2008",16,"Lu"
"20080617",2008,2,6,"Jun 2008",17,"Ma"
"20080618",2008,2,6,"Jun 2008",18,"Mi"
"20080619",2008,2,6,"Jun 2008",19,"Ju"
"20080620",2008,2,6,"Jun 2008",20,"Vi"
"20080621",2008,2,6,"Jun 2008",21,"Sa"
"20080622",2008,2,6,"Jun 2008",22,"Do"
"20080623",2008,2,6,"Jun 2008",23,"Lu"
"20080624",2008,2,6,"Jun 2008",24,"Ma"
"20080625",2008,2,6,"Jun 2008",25,"Mi"
"20080626",2008,2,6,"Jun 2008",26,"Ju"
"20080627",2008,2,6,"Jun 2008",27,"Vi"
"20080628",2008,2,6,"Jun 2008",28,"Sa"
"20080629",2008,2,6,"Jun 2008",29,"Do"
"20080630",2008,2,6,"Jun 2008",30,"Lu"
"20080701",2008,3,7,"Jul 2008",1,"Ma"
"20080702",2008,3,7,"Jul 2008",2,"Mi"
"20080703",2008,3,7,"Jul 2008",3,"Ju"
"20080704",2008,3,7,"Jul 2008",4,"Vi"
"20080705",2008,3,7,"Jul 2008",5,"Sa"
"20080706",2008,3,7,"Jul 2008",6,"Do"
"20080707",2008,3,7,"Jul 2008",7,"Lu"
"20080708",2008,3,7,"Jul 2008",8,"Ma"
"20080709",2008,3,7,"Jul 2008",9,"Mi"
"20080710",2008,3,7,"Jul 2008",10,"Ju"
"20080711",2008,3,7,"Jul 2008",11,"Vi"
"20080712",2008,3,7,"Jul 2008",12,"Sa"
"20080713",2008,3,7,"Jul 2008",13,"Do"
"20080714",2008,3,7,"Jul 2008",14,"Lu"
"20080715",2008,3,7,"Jul 2008",15,"Ma"
"20080716",2008,3,7,"Jul 2008",16,"Mi"
"20080717",2008,3,7,"Jul 2008",17,"Ju"
"20080718",2008,3,7,"Jul 2008",18,"Vi"
"20080719",2008,3,7,"Jul 2008",19,"Sa"
"20080720",2008,3,7,"Jul 2008",20,"Do"
"20080721",2008,3,7,"Jul 2008",21,"Lu"
"20080722",2008,3,7,"Jul 2008",22,"Ma"
"20080723",2008,3,7,"Jul 2008",23,"Mi"
"20080724",2008,3,7,"Jul 2008",24,"Ju"
"20080725",2008,3,7,"Jul 2008",25,"Vi"
"20080726",2008,3,7,"Jul 2008",26,"Sa"
"20080727",2008,3,7,"Jul 2008",27,"Do"
"20080728",2008,3,7,"Jul 2008",28,"Lu"
"20080729",2008,3,7,"Jul 2008",29,"Ma"
"20080730",2008,3,7,"Jul 2008",30,"Mi"
"20080731",2008,3,7,"Jul 2008",31,"Ju"
"20080801",2008,3,8,"Ago 2008",1,"Vi"
"20080802",2008,3,8,"Ago 2008",2,"Sa"
"20080803",2008,3,8,"Ago 2008",3,"Do"
"20080804",2008,3,8,"Ago 2008",4,"Lu"
"20080805",2008,3,8,"Ago 2008",5,"Ma"
"20080806",2008,3,8,"Ago 2008",6,"Mi"
"20080807",2008,3,8,"Ago 2008",7,"Ju"
"20080808",2008,3,8,"Ago 2008",8,"Vi"
"20080809",2008,3,8,"Ago 2008",9,"Sa"
"20080810",2008,3,8,"Ago 2008",10,"Do"
"20080811",2008,3,8,"Ago 2008",11,"Lu"
"20080812",2008,3,8,"Ago 2008",12,"Ma"
"20080813",2008,3,8,"Ago 2008",13,"Mi"
"20080814",2008,3,8,"Ago 2008",14,"Ju"
"20080815",2008,3,8,"Ago 2008",15,"Vi"
"20080816",2008,3,8,"Ago 2008",16,"Sa"
"20080817",2008,3,8,"Ago 2008",17,"Do"
"20080818",2008,3,8,"Ago 2008",18,"Lu"
"20080819",2008,3,8,"Ago 2008",19,"Ma"
"20080820",2008,3,8,"Ago 2008",20,"Mi"
"20080821",2008,3,8,"Ago 2008",21,"Ju"
"20080822",2008,3,8,"Ago 2008",22,"Vi"
"20080823",2008,3,8,"Ago 2008",23,"Sa"
"20080824",2008,3,8,"Ago 2008",24,"Do"
"20080825",2008,3,8,"Ago 2008",25,"Lu"
"20080826",2008,3,8,"Ago 2008",26,"Ma"
"20080827",2008,3,8,"Ago 2008",27,"Mi"
"20080828",2008,3,8,"Ago 2008",28,"Ju"
"20080829",2008,3,8,"Ago 2008",29,"Vi"
"20080830",2008,3,8,"Ago 2008",30,"Sa"
"20080831",2008,3,8,"Ago 2008",31,"Do"
"20080901",2008,3,9,"Sep 2008",1,"Lu"
"20080902",2008,3,9,"Sep 2008",2,"Ma"
"20080903",2008,3,9,"Sep 2008",3,"Mi"
"20080904",2008,3,9,"Sep 2008",4,"Ju"
"20080905",2008,3,9,"Sep 2008",5,"Vi"
"20080906",2008,3,9,"Sep 2008",6,"Sa"
"20080907",2008,3,9,"Sep 2008",7,"Do"
"20080908",2008,3,9,"Sep 2008",8,"Lu"
"20080909",2008,3,9,"Sep 2008",9,"Ma"
"20080910",2008,3,9,"Sep 2008",10,"Mi"
"20080911",2008,3,9,"Sep 2008",11,"Ju"
"20080912",2008,3,9,"Sep 2008",12,"Vi"
"20080913",2008,3,9,"Sep 2008",13,"Sa"
"20080914",2008,3,9,"Sep 2008",14,"Do"
"20080915",2008,3,9,"Sep 2008",15,"Lu"
"20080916",2008,3,9,"Sep 2008",16,"Ma"
"20080917",2008,3,9,"Sep 2008",17,"Mi"
"20080918",2008,3,9,"Sep 2008",18,"Ju"
"20080919",2008,3,9,"Sep 2008",19,"Vi"
"20080920",2008,3,9,"Sep 2008",20,"Sa"
"20080921",2008,3,9,"Sep 2008",21,"Do"
"20080922",2008,3,9,"Sep 2008",22,"Lu"
"20080923",2008,3,9,"Sep 2008",23,"Ma"
"20080924",2008,3,9,"Sep 2008",24,"Mi"
"20080925",2008,3,9,"Sep 2008",25,"Ju"
"20080926",2008,3,9,"Sep 2008",26,"Vi"
"20080927",2008,3,9,"Sep 2008",27,"Sa"
"20080928",2008,3,9,"Sep 2008",28,"Do"
"20080929",2008,3,9,"Sep 2008",29,"Lu"
"20080930",2008,3,9,"Sep 2008",30,"Ma"
"20081001",2008,4,10,"Oct 2008",1,"Mi"
"20081002",2008,4,10,"Oct 2008",2,"Ju"
"20081003",2008,4,10,"Oct 2008",3,"Vi"
"20081004",2008,4,10,"Oct 2008",4,"Sa"
"20081005",2008,4,10,"Oct 2008",5,"Do"
"20081006",2008,4,10,"Oct 2008",6,"Lu"
"20081007",2008,4,10,"Oct 2008",7,"Ma"
"20081008",2008,4,10,"Oct 2008",8,"Mi"
"20081009",2008,4,10,"Oct 2008",9,"Ju"
"20081010",2008,4,10,"Oct 2008",10,"Vi"
"20081011",2008,4,10,"Oct 2008",11,"Sa"
"20081012",2008,4,10,"Oct 2008",12,"Do"
"20081013",2008,4,10,"Oct 2008",13,"Lu"
"20081014",2008,4,10,"Oct 2008",14,"Ma"
"20081015",2008,4,10,"Oct 2008",15,"Mi"
"20081016",2008,4,10,"Oct 2008",16,"Ju"
"20081017",2008,4,10,"Oct 2008",17,"Vi"
"20081018",2008,4,10,"Oct 2008",18,"Sa"
"20081019",2008,4,10,"Oct 2008",19,"Do"
"20081020",2008,4,10,"Oct 2008",20,"Lu"
"20081021",2008,4,10,"Oct 2008",21,"Ma"
"20081022",2008,4,10,"Oct 2008",22,"Mi"
"20081023",2008,4,10,"Oct 2008",23,"Ju"
"20081024",2008,4,10,"Oct 2008",24,"Vi"
"20081025",2008,4,10,"Oct 2008",25,"Sa"
"20081026",2008,4,10,"Oct 2008",26,"Do"
"20081027",2008,4,10,"Oct 2008",27,"Lu"
"20081028",2008,4,10,"Oct 2008",28,"Ma"
"20081029",2008,4,10,"Oct 2008",29,"Mi"
"20081030",2008,4,10,"Oct 2008",30,"Ju"
"20081031",2008,4,10,"Oct 2008",31,"Vi"
"20081101",2008,4,11,"Nov 2008",1,"Sa"
"20081102",2008,4,11,"Nov 2008",2,"Do"
"20081103",2008,4,11,"Nov 2008",3,"Lu"
"20081104",2008,4,11,"Nov 2008",4,"Ma"
"20081105",2008,4,11,"Nov 2008",5,"Mi"
"20081106",2008,4,11,"Nov 2008",6,"Ju"
"20081107",2008,4,11,"Nov 2008",7,"Vi"
"20081108",2008,4,11,"Nov 2008",8,"Sa"
"20081109",2008,4,11,"Nov 2008",9,"Do"
"20081110",2008,4,11,"Nov 2008",10,"Lu"
"20081111",2008,4,11,"Nov 2008",11,"Ma"
"20081112",2008,4,11,"Nov 2008",12,"Mi"
"20081113",2008,4,11,"Nov 2008",13,"Ju"
"20081114",2008,4,11,"Nov 2008",14,"Vi"
"20081115",2008,4,11,"Nov 2008",15,"Sa"
"20081116",2008,4,11,"Nov 2008",16,"Do"
"20081117",2008,4,11,"Nov 2008",17,"Lu"
"20081118",2008,4,11,"Nov 2008",18,"Ma"
"20081119",2008,4,11,"Nov 2008",19,"Mi"
"20081120",2008,4,11,"Nov 2008",20,"Ju"
"20081121",2008,4,11,"Nov 2008",21,"Vi"
"20081122",2008,4,11,"Nov 2008",22,"Sa"
"20081123",2008,4,11,"Nov 2008",23,"Do"
"20081124",2008,4,11,"Nov 2008",24,"Lu"
"20081125",2008,4,11,"Nov 2008",25,"Ma"
"20081126",2008,4,11,"Nov 2008",26,"Mi"
"20081127",2008,4,11,"Nov 2008",27,"Ju"
"20081128",2008,4,11,"Nov 2008",28,"Vi"
"20081129",2008,4,11,"Nov 2008",29,"Sa"
"20081130",2008,4,11,"Nov 2008",30,"Do"
"20081201",2008,4,12,"Dic 2008",1,"Lu"
"20081202",2008,4,12,"Dic 2008",2,"Ma"
"20081203",2008,4,12,"Dic 2008",3,"Mi"
"20081204",2008,4,12,"Dic 2008",4,"Ju"
"20081205",2008,4,12,"Dic 2008",5,"Vi"
"20081206",2008,4,12,"Dic 2008",6,"Sa"
"20081207",2008,4,12,"Dic 2008",7,"Do"
"20081208",2008,4,12,"Dic 2008",8,"Lu"
"20081209",2008,4,12,"Dic 2008",9,"Ma"
"20081210",2008,4,12,"Dic 2008",10,"Mi"
"20081211",2008,4,12,"Dic 2008",11,"Ju"
"20081212",2008,4,12,"Dic 2008",12,"Vi"
"20081213",2008,4,12,"Dic 2008",13,"Sa"
"20081214",2008,4,12,"Dic 2008",14,"Do"
"20081215",2008,4,12,"Dic 2008",15,"Lu"
"20081216",2008,4,12,"Dic 2008",16,"Ma"
"20081217",2008,4,12,"Dic 2008",17,"Mi"
"20081218",2008,4,12,"Dic 2008",18,"Ju"
"20081219",2008,4,12,"Dic 2008",19,"Vi"
"20081220",2008,4,12,"Dic 2008",20,"Sa"
"20081221",2008,4,12,"Dic 2008",21,"Do"
"20081222",2008,4,12,"Dic 2008",22,"Lu"
"20081223",2008,4,12,"Dic 2008",23,"Ma"
"20081224",2008,4,12,"Dic 2008",24,"Mi"
"20081225",2008,4,12,"Dic 2008",25,"Ju"
"20081226",2008,4,12,"Dic 2008",26,"Vi"
"20081227",2008,4,12,"Dic 2008",27,"Sa"
"20081228",2008,4,12,"Dic 2008",28,"Do"
"20081229",2008,4,12,"Dic 2008",29,"Lu"
"20081230",2008,4,12,"Dic 2008",30,"Ma"
"20081231",2008,4,12,"Dic 2008",31,"Mi"
"20090101",2009,1,1,"Ene 2009",1,"Ju"
"20090102",2009,1,1,"Ene 2009",2,"Vi"
"20090103",2009,1,1,"Ene 2009",3,"Sa"
"20090104",2009,1,1,"Ene 2009",4,"Do"
"20090105",2009,1,1,"Ene 2009",5,"Lu"
"20090106",2009,1,1,"Ene 2009",6,"Ma"
"20090107",2009,1,1,"Ene 2009",7,"Mi"
"20090108",2009,1,1,"Ene 2009",8,"Ju"
"20090109",2009,1,1,"Ene 2009",9,"Vi"
"20090110",2009,1,1,"Ene 2009",10,"Sa"
"20090111",2009,1,1,"Ene 2009",11,"Do"
"20090112",2009,1,1,"Ene 2009",12,"Lu"
"20090113",2009,1,1,"Ene 2009",13,"Ma"
"20090114",2009,1,1,"Ene 2009",14,"Mi"
"20090115",2009,1,1,"Ene 2009",15,"Ju"
"20090116",2009,1,1,"Ene 2009",16,"Vi"
"20090117",2009,1,1,"Ene 2009",17,"Sa"
"20090118",2009,1,1,"Ene 2009",18,"Do"
"20090119",2009,1,1,"Ene 2009",19,"Lu"
"20090120",2009,1,1,"Ene 2009",20,"Ma"
"20090121",2009,1,1,"Ene 2009",21,"Mi"
"20090122",2009,1,1,"Ene 2009",22,"Ju"
"20090123",2009,1,1,"Ene 2009",23,"Vi"
"20090124",2009,1,1,"Ene 2009",24,"Sa"
"20090125",2009,1,1,"Ene 2009",25,"Do"
"20090126",2009,1,1,"Ene 2009",26,"Lu"
"20090127",2009,1,1,"Ene 2009",27,"Ma"
"20090128",2009,1,1,"Ene 2009",28,"Mi"
"20090129",2009,1,1,"Ene 2009",29,"Ju"
"20090130",2009,1,1,"Ene 2009",30,"Vi"
"20090131",2009,1,1,"Ene 2009",31,"Sa"
"20090201",2009,1,2,"Feb 2009",1,"Do"
"20090202",2009,1,2,"Feb 2009",2,"Lu"
"20090203",2009,1,2,"Feb 2009",3,"Ma"
"20090204",2009,1,2,"Feb 2009",4,"Mi"
"20090205",2009,1,2,"Feb 2009",5,"Ju"
"20090206",2009,1,2,"Feb 2009",6,"Vi"
"20090207",2009,1,2,"Feb 2009",7,"Sa"
"20090208",2009,1,2,"Feb 2009",8,"Do"
"20090209",2009,1,2,"Feb 2009",9,"Lu"
"20090210",2009,1,2,"Feb 2009",10,"Ma"
"20090211",2009,1,2,"Feb 2009",11,"Mi"
"20090212",2009,1,2,"Feb 2009",12,"Ju"
"20090213",2009,1,2,"Feb 2009",13,"Vi"
"20090214",2009,1,2,"Feb 2009",14,"Sa"
"20090215",2009,1,2,"Feb 2009",15,"Do"
"20090216",2009,1,2,"Feb 2009",16,"Lu"
"20090217",2009,1,2,"Feb 2009",17,"Ma"
"20090218",2009,1,2,"Feb 2009",18,"Mi"
"20090219",2009,1,2,"Feb 2009",19,"Ju"
"20090220",2009,1,2,"Feb 2009",20,"Vi"
"20090221",2009,1,2,"Feb 2009",21,"Sa"
"20090222",2009,1,2,"Feb 2009",22,"Do"
"20090223",2009,1,2,"Feb 2009",23,"Lu"
"20090224",2009,1,2,"Feb 2009",24,"Ma"
"20090225",2009,1,2,"Feb 2009",25,"Mi"
"20090226",2009,1,2,"Feb 2009",26,"Ju"
"20090227",2009,1,2,"Feb 2009",27,"Vi"
"20090228",2009,1,2,"Feb 2009",28,"Sa"
"20090301",2009,1,3,"Mar 2009",1,"Do"
"20090302",2009,1,3,"Mar 2009",2,"Lu"
"20090303",2009,1,3,"Mar 2009",3,"Ma"
"20090304",2009,1,3,"Mar 2009",4,"Mi"
"20090305",2009,1,3,"Mar 2009",5,"Ju"
"20090306",2009,1,3,"Mar 2009",6,"Vi"
"20090307",2009,1,3,"Mar 2009",7,"Sa"
"20090308",2009,1,3,"Mar 2009",8,"Do"
"20090309",2009,1,3,"Mar 2009",9,"Lu"
"20090310",2009,1,3,"Mar 2009",10,"Ma"
"20090311",2009,1,3,"Mar 2009",11,"Mi"
"20090312",2009,1,3,"Mar 2009",12,"Ju"
"20090313",2009,1,3,"Mar 2009",13,"Vi"
"20090314",2009,1,3,"Mar 2009",14,"Sa"
"20090315",2009,1,3,"Mar 2009",15,"Do"
"20090316",2009,1,3,"Mar 2009",16,"Lu"
"20090317",2009,1,3,"Mar 2009",17,"Ma"
"20090318",2009,1,3,"Mar 2009",18,"Mi"
"20090319",2009,1,3,"Mar 2009",19,"Ju"
"20090320",2009,1,3,"Mar 2009",20,"Vi"
"20090321",2009,1,3,"Mar 2009",21,"Sa"
"20090322",2009,1,3,"Mar 2009",22,"Do"
"20090323",2009,1,3,"Mar 2009",23,"Lu"
"20090324",2009,1,3,"Mar 2009",24,"Ma"
"20090325",2009,1,3,"Mar 2009",25,"Mi"
"20090326",2009,1,3,"Mar 2009",26,"Ju"
"20090327",2009,1,3,"Mar 2009",27,"Vi"
"20090328",2009,1,3,"Mar 2009",28,"Sa"
"20090329",2009,1,3,"Mar 2009",29,"Do"
"20090330",2009,1,3,"Mar 2009",30,"Lu"
"20090331",2009,1,3,"Mar 2009",31,"Ma"
"20090401",2009,2,4,"Abr 2009",1,"Mi"
"20090402",2009,2,4,"Abr 2009",2,"Ju"
"20090403",2009,2,4,"Abr 2009",3,"Vi"
"20090404",2009,2,4,"Abr 2009",4,"Sa"
"20090405",2009,2,4,"Abr 2009",5,"Do"
"20090406",2009,2,4,"Abr 2009",6,"Lu"
"20090407",2009,2,4,"Abr 2009",7,"Ma"
"20090408",2009,2,4,"Abr 2009",8,"Mi"
"20090409",2009,2,4,"Abr 2009",9,"Ju"
"20090410",2009,2,4,"Abr 2009",10,"Vi"
"20090411",2009,2,4,"Abr 2009",11,"Sa"
"20090412",2009,2,4,"Abr 2009",12,"Do"
"20090413",2009,2,4,"Abr 2009",13,"Lu"
"20090414",2009,2,4,"Abr 2009",14,"Ma"
"20090415",2009,2,4,"Abr 2009",15,"Mi"
"20090416",2009,2,4,"Abr 2009",16,"Ju"
"20090417",2009,2,4,"Abr 2009",17,"Vi"
"20090418",2009,2,4,"Abr 2009",18,"Sa"
"20090419",2009,2,4,"Abr 2009",19,"Do"
"20090420",2009,2,4,"Abr 2009",20,"Lu"
"20090421",2009,2,4,"Abr 2009",21,"Ma"
"20090422",2009,2,4,"Abr 2009",22,"Mi"
"20090423",2009,2,4,"Abr 2009",23,"Ju"
"20090424",2009,2,4,"Abr 2009",24,"Vi"
"20090425",2009,2,4,"Abr 2009",25,"Sa"
"20090426",2009,2,4,"Abr 2009",26,"Do"
"20090427",2009,2,4,"Abr 2009",27,"Lu"
"20090428",2009,2,4,"Abr 2009",28,"Ma"
"20090429",2009,2,4,"Abr 2009",29,"Mi"
"20090430",2009,2,4,"Abr 2009",30,"Ju"
"20090501",2009,2,5,"Abr 2009",1,"Vi"
"20090502",2009,2,5,"May 2009",2,"Sa"
"20090503",2009,2,5,"May 2009",3,"Do"
"20090504",2009,2,5,"May 2009",4,"Lu"
"20090505",2009,2,5,"May 2009",5,"Ma"
"20090506",2009,2,5,"May 2009",6,"Mi"
"20090507",2009,2,5,"May 2009",7,"Ju"
"20090508",2009,2,5,"May 2009",8,"Vi"
"20090509",2009,2,5,"May 2009",9,"Sa"
"20090510",2009,2,5,"May 2009",10,"Do"
"20090511",2009,2,5,"May 2009",11,"Lu"
"20090512",2009,2,5,"May 2009",12,"Ma"
"20090513",2009,2,5,"May 2009",13,"Mi"
"20090514",2009,2,5,"May 2009",14,"Ju"
"20090515",2009,2,5,"May 2009",15,"Vi"
"20090516",2009,2,5,"May 2009",16,"Sa"
"20090517",2009,2,5,"May 2009",17,"Do"
"20090518",2009,2,5,"May 2009",18,"Lu"
"20090519",2009,2,5,"May 2009",19,"Ma"
"20090520",2009,2,5,"May 2009",20,"Mi"
"20090521",2009,2,5,"May 2009",21,"Ju"
"20090522",2009,2,5,"May 2009",22,"Vi"
"20090523",2009,2,5,"May 2009",23,"Sa"
"20090524",2009,2,5,"May 2009",24,"Do"
"20090525",2009,2,5,"May 2009",25,"Lu"
"20090526",2009,2,5,"May 2009",26,"Ma"
"20090527",2009,2,5,"May 2009",27,"Mi"
"20090528",2009,2,5,"May 2009",28,"Ju"
"20090529",2009,2,5,"May 2009",29,"Vi"
"20090530",2009,2,5,"May 2009",30,"Sa"
"20090531",2009,2,5,"May 2009",31,"Do"
"20090601",2009,2,6,"May 2009",1,"Lu"
"20090602",2009,2,6,"Jun 2009",2,"Ma"
"20090603",2009,2,6,"Jun 2009",3,"Mi"
"20090604",2009,2,6,"Jun 2009",4,"Ju"
"20090605",2009,2,6,"Jun 2009",5,"Vi"
"20090606",2009,2,6,"Jun 2009",6,"Sa"
"20090607",2009,2,6,"Jun 2009",7,"Do"
"20090608",2009,2,6,"Jun 2009",8,"Lu"
"20090609",2009,2,6,"Jun 2009",9,"Ma"
"20090610",2009,2,6,"Jun 2009",10,"Mi"
"20090611",2009,2,6,"Jun 2009",11,"Ju"
"20090612",2009,2,6,"Jun 2009",12,"Vi"
"20090613",2009,2,6,"Jun 2009",13,"Sa"
"20090614",2009,2,6,"Jun 2009",14,"Do"
"20090615",2009,2,6,"Jun 2009",15,"Lu"
"20090616",2009,2,6,"Jun 2009",16,"Ma"
"20090617",2009,2,6,"Jun 2009",17,"Mi"
"20090618",2009,2,6,"Jun 2009",18,"Ju"
"20090619",2009,2,6,"Jun 2009",19,"Vi"
"20090620",2009,2,6,"Jun 2009",20,"Sa"
"20090621",2009,2,6,"Jun 2009",21,"Do"
"20090622",2009,2,6,"Jun 2009",22,"Lu"
"20090623",2009,2,6,"Jun 2009",23,"Ma"
"20090624",2009,2,6,"Jun 2009",24,"Mi"
"20090625",2009,2,6,"Jun 2009",25,"Ju"
"20090626",2009,2,6,"Jun 2009",26,"Vi"
"20090627",2009,2,6,"Jun 2009",27,"Sa"
"20090628",2009,2,6,"Jun 2009",28,"Do"
"20090629",2009,2,6,"Jun 2009",29,"Lu"
"20090630",2009,2,6,"Jun 2009",30,"Ma"
"20090701",2009,3,7,"Jun 2009",1,"Mi"
"20090702",2009,3,7,"Jul 2009",2,"Ju"
"20090703",2009,3,7,"Jul 2009",3,"Vi"
"20090704",2009,3,7,"Jul 2009",4,"Sa"
"20090705",2009,3,7,"Jul 2009",5,"Do"
"20090706",2009,3,7,"Jul 2009",6,"Lu"
"20090707",2009,3,7,"Jul 2009",7,"Ma"
"20090708",2009,3,7,"Jul 2009",8,"Mi"
"20090709",2009,3,7,"Jul 2009",9,"Ju"
"20090710",2009,3,7,"Jul 2009",10,"Vi"
"20090711",2009,3,7,"Jul 2009",11,"Sa"
"20090712",2009,3,7,"Jul 2009",12,"Do"
"20090713",2009,3,7,"Jul 2009",13,"Lu"
"20090714",2009,3,7,"Jul 2009",14,"Ma"
"20090715",2009,3,7,"Jul 2009",15,"Mi"
"20090716",2009,3,7,"Jul 2009",16,"Ju"
"20090717",2009,3,7,"Jul 2009",17,"Vi"
"20090718",2009,3,7,"Jul 2009",18,"Sa"
"20090719",2009,3,7,"Jul 2009",19,"Do"
"20090720",2009,3,7,"Jul 2009",20,"Lu"
"20090721",2009,3,7,"Jul 2009",21,"Ma"
"20090722",2009,3,7,"Jul 2009",22,"Mi"
"20090723",2009,3,7,"Jul 2009",23,"Ju"
"20090724",2009,3,7,"Jul 2009",24,"Vi"
"20090725",2009,3,7,"Jul 2009",25,"Sa"
"20090726",2009,3,7,"Jul 2009",26,"Do"
"20090727",2009,3,7,"Jul 2009",27,"Lu"
"20090728",2009,3,7,"Jul 2009",28,"Ma"
"20090729",2009,3,7,"Jul 2009",29,"Mi"
"20090730",2009,3,7,"Jul 2009",30,"Ju"
"20090731",2009,3,7,"Jul 2009",31,"Vi"
"20090801",2009,3,8,"Ago 2009",1,"Sa"
"20090802",2009,3,8,"Ago 2009",2,"Do"
"20090803",2009,3,8,"Ago 2009",3,"Lu"
"20090804",2009,3,8,"Ago 2009",4,"Ma"
"20090805",2009,3,8,"Ago 2009",5,"Mi"
"20090806",2009,3,8,"Ago 2009",6,"Ju"
"20090807",2009,3,8,"Ago 2009",7,"Vi"
"20090808",2009,3,8,"Ago 2009",8,"Sa"
"20090809",2009,3,8,"Ago 2009",9,"Do"
"20090810",2009,3,8,"Ago 2009",10,"Lu"
"20090811",2009,3,8,"Ago 2009",11,"Ma"
"20090812",2009,3,8,"Ago 2009",12,"Mi"
"20090813",2009,3,8,"Ago 2009",13,"Ju"
"20090814",2009,3,8,"Ago 2009",14,"Vi"
"20090815",2009,3,8,"Ago 2009",15,"Sa"
"20090816",2009,3,8,"Ago 2009",16,"Do"
"20090817",2009,3,8,"Ago 2009",17,"Lu"
"20090818",2009,3,8,"Ago 2009",18,"Ma"
"20090819",2009,3,8,"Ago 2009",19,"Mi"
"20090820",2009,3,8,"Ago 2009",20,"Ju"
"20090821",2009,3,8,"Ago 2009",21,"Vi"
"20090822",2009,3,8,"Ago 2009",22,"Sa"
"20090823",2009,3,8,"Ago 2009",23,"Do"
"20090824",2009,3,8,"Ago 2009",24,"Lu"
"20090825",2009,3,8,"Ago 2009",25,"Ma"
"20090826",2009,3,8,"Ago 2009",26,"Mi"
"20090827",2009,3,8,"Ago 2009",27,"Ju"
"20090828",2009,3,8,"Ago 2009",28,"Vi"
"20090829",2009,3,8,"Ago 2009",29,"Sa"
"20090830",2009,3,8,"Ago 2009",30,"Do"
"20090831",2009,3,8,"Ago 2009",31,"Lu"
"20090901",2009,3,9,"Sep 2009",1,"Ma"
"20090902",2009,3,9,"Sep 2009",2,"Mi"
"20090903",2009,3,9,"Sep 2009",3,"Ju"
"20090904",2009,3,9,"Sep 2009",4,"Vi"
"20090905",2009,3,9,"Sep 2009",5,"Sa"
"20090906",2009,3,9,"Sep 2009",6,"Do"
"20090907",2009,3,9,"Sep 2009",7,"Lu"
"20090908",2009,3,9,"Sep 2009",8,"Ma"
"20090909",2009,3,9,"Sep 2009",9,"Mi"
"20090910",2009,3,9,"Sep 2009",10,"Ju"
"20090911",2009,3,9,"Sep 2009",11,"Vi"
"20090912",2009,3,9,"Sep 2009",12,"Sa"
"20090913",2009,3,9,"Sep 2009",13,"Do"
"20090914",2009,3,9,"Sep 2009",14,"Lu"
"20090915",2009,3,9,"Sep 2009",15,"Ma"
"20090916",2009,3,9,"Sep 2009",16,"Mi"
"20090917",2009,3,9,"Sep 2009",17,"Ju"
"20090918",2009,3,9,"Sep 2009",18,"Vi"
"20090919",2009,3,9,"Sep 2009",19,"Sa"
"20090920",2009,3,9,"Sep 2009",20,"Do"
"20090921",2009,3,9,"Sep 2009",21,"Lu"
"20090922",2009,3,9,"Sep 2009",22,"Ma"
"20090923",2009,3,9,"Sep 2009",23,"Mi"
"20090924",2009,3,9,"Sep 2009",24,"Ju"
"20090925",2009,3,9,"Sep 2009",25,"Vi"
"20090926",2009,3,9,"Sep 2009",26,"Sa"
"20090927",2009,3,9,"Sep 2009",27,"Do"
"20090928",2009,3,9,"Sep 2009",28,"Lu"
"20090929",2009,3,9,"Sep 2009",29,"Ma"
"20090930",2009,3,9,"Sep 2009",30,"Mi"
"20091001",2009,4,10,"Oct 2009",1,"Ju"
"20091002",2009,4,10,"Oct 2009",2,"Vi"
"20091003",2009,4,10,"Oct 2009",3,"Sa"
"20091004",2009,4,10,"Oct 2009",4,"Do"
"20091005",2009,4,10,"Oct 2009",5,"Lu"
"20091006",2009,4,10,"Oct 2009",6,"Ma"
"20091007",2009,4,10,"Oct 2009",7,"Mi"
"20091008",2009,4,10,"Oct 2009",8,"Ju"
"20091009",2009,4,10,"Oct 2009",9,"Vi"
"20091010",2009,4,10,"Oct 2009",10,"Sa"
"20091011",2009,4,10,"Oct 2009",11,"Do"
"20091012",2009,4,10,"Oct 2009",12,"Lu"
"20091013",2009,4,10,"Oct 2009",13,"Ma"
"20091014",2009,4,10,"Oct 2009",14,"Mi"
"20091015",2009,4,10,"Oct 2009",15,"Ju"
"20091016",2009,4,10,"Oct 2009",16,"Vi"
"20091017",2009,4,10,"Oct 2009",17,"Sa"
"20091018",2009,4,10,"Oct 2009",18,"Do"
"20091019",2009,4,10,"Oct 2009",19,"Lu"
"20091020",2009,4,10,"Oct 2009",20,"Ma"
"20091021",2009,4,10,"Oct 2009",21,"Mi"
"20091022",2009,4,10,"Oct 2009",22,"Ju"
"20091023",2009,4,10,"Oct 2009",23,"Vi"
"20091024",2009,4,10,"Oct 2009",24,"Sa"
"20091025",2009,4,10,"Oct 2009",25,"Do"
"20091026",2009,4,10,"Oct 2009",26,"Lu"
"20091027",2009,4,10,"Oct 2009",27,"Ma"
"20091028",2009,4,10,"Oct 2009",28,"Mi"
"20091029",2009,4,10,"Oct 2009",29,"Ju"
"20091030",2009,4,10,"Oct 2009",30,"Vi"
"20091031",2009,4,10,"Oct 2009",31,"Sa"
"20091101",2009,4,11,"Nov 2009",1,"Do"
"20091102",2009,4,11,"Nov 2009",2,"Lu"
"20091103",2009,4,11,"Nov 2009",3,"Ma"
"20091104",2009,4,11,"Nov 2009",4,"Mi"
"20091105",2009,4,11,"Nov 2009",5,"Ju"
"20091106",2009,4,11,"Nov 2009",6,"Vi"
"20091107",2009,4,11,"Nov 2009",7,"Sa"
"20091108",2009,4,11,"Nov 2009",8,"Do"
"20091109",2009,4,11,"Nov 2009",9,"Lu"
"20091110",2009,4,11,"Nov 2009",10,"Ma"
"20091111",2009,4,11,"Nov 2009",11,"Mi"
"20091112",2009,4,11,"Nov 2009",12,"Ju"
"20091113",2009,4,11,"Nov 2009",13,"Vi"
"20091114",2009,4,11,"Nov 2009",14,"Sa"
"20091115",2009,4,11,"Nov 2009",15,"Do"
"20091116",2009,4,11,"Nov 2009",16,"Lu"
"20091117",2009,4,11,"Nov 2009",17,"Ma"
"20091118",2009,4,11,"Nov 2009",18,"Mi"
"20091119",2009,4,11,"Nov 2009",19,"Ju"
"20091120",2009,4,11,"Nov 2009",20,"Vi"
"20091121",2009,4,11,"Nov 2009",21,"Sa"
"20091122",2009,4,11,"Nov 2009",22,"Do"
"20091123",2009,4,11,"Nov 2009",23,"Lu"
"20091124",2009,4,11,"Nov 2009",24,"Ma"
"20091125",2009,4,11,"Nov 2009",25,"Mi"
"20091126",2009,4,11,"Nov 2009",26,"Ju"
"20091127",2009,4,11,"Nov 2009",27,"Vi"
"20091128",2009,4,11,"Nov 2009",28,"Sa"
"20091129",2009,4,11,"Nov 2009",29,"Do"
"20091130",2009,4,11,"Nov 2009",30,"Lu"
"20091201",2009,4,12,"Dic 2009",1,"Ma"
"20091202",2009,4,12,"Dic 2009",2,"Mi"
"20091203",2009,4,12,"Dic 2009",3,"Ju"
"20091204",2009,4,12,"Dic 2009",4,"Vi"
"20091205",2009,4,12,"Dic 2009",5,"Sa"
"20091206",2009,4,12,"Dic 2009",6,"Do"
"20091207",2009,4,12,"Dic 2009",7,"Lu"
"20091208",2009,4,12,"Dic 2009",8,"Ma"
"20091209",2009,4,12,"Dic 2009",9,"Mi"
"20091210",2009,4,12,"Dic 2009",10,"Ju"
"20091211",2009,4,12,"Dic 2009",11,"Vi"
"20091212",2009,4,12,"Dic 2009",12,"Sa"
"20091213",2009,4,12,"Dic 2009",13,"Do"
"20091214",2009,4,12,"Dic 2009",14,"Lu"
"20091215",2009,4,12,"Dic 2009",15,"Ma"
"20091216",2009,4,12,"Dic 2009",16,"Mi"
"20091217",2009,4,12,"Dic 2009",17,"Ju"
"20091218",2009,4,12,"Dic 2009",18,"Vi"
"20091219",2009,4,12,"Dic 2009",19,"Sa"
"20091220",2009,4,12,"Dic 2009",20,"Do"
"20091221",2009,4,12,"Dic 2009",21,"Lu"
"20091222",2009,4,12,"Dic 2009",22,"Ma"
"20091223",2009,4,12,"Dic 2009",23,"Mi"
"20091224",2009,4,12,"Dic 2009",24,"Ju"
"20091225",2009,4,12,"Dic 2009",25,"Vi"
"20091226",2009,4,12,"Dic 2009",26,"Sa"
"20091227",2009,4,12,"Dic 2009",27,"Do"
"20091228",2009,4,12,"Dic 2009",28,"Lu"
"20091229",2009,4,12,"Dic 2009",29,"Ma"
"20091230",2009,4,12,"Dic 2009",30,"Mi"
"20091231",2009,4,12,"Dic 2009",31,"Ju"
"20100101",2010,1,1,"Ene 2010",1,"Vi"
"20100102",2010,1,1,"Ene 2010",2,"Sa"
"20100103",2010,1,1,"Ene 2010",3,"Do"
"20100104",2010,1,1,"Ene 2010",4,"Lu"
"20100105",2010,1,1,"Ene 2010",5,"Ma"
"20100106",2010,1,1,"Ene 2010",6,"Mi"
"20100107",2010,1,1,"Ene 2010",7,"Ju"
"20100108",2010,1,1,"Ene 2010",8,"Vi"
"20100109",2010,1,1,"Ene 2010",9,"Sa"
"20100110",2010,1,1,"Ene 2010",10,"Do"
"20100111",2010,1,1,"Ene 2010",11,"Lu"
"20100112",2010,1,1,"Ene 2010",12,"Ma"
"20100113",2010,1,1,"Ene 2010",13,"Mi"
"20100114",2010,1,1,"Ene 2010",14,"Ju"
"20100115",2010,1,1,"Ene 2010",15,"Vi"
"20100116",2010,1,1,"Ene 2010",16,"Sa"
"20100117",2010,1,1,"Ene 2010",17,"Do"
"20100118",2010,1,1,"Ene 2010",18,"Lu"
"20100119",2010,1,1,"Ene 2010",19,"Ma"
"20100120",2010,1,1,"Ene 2010",20,"Mi"
"20100121",2010,1,1,"Ene 2010",21,"Ju"
"20100122",2010,1,1,"Ene 2010",22,"Vi"
"20100123",2010,1,1,"Ene 2010",23,"Sa"
"20100124",2010,1,1,"Ene 2010",24,"Do"
"20100125",2010,1,1,"Ene 2010",25,"Lu"
"20100126",2010,1,1,"Ene 2010",26,"Ma"
"20100127",2010,1,1,"Ene 2010",27,"Mi"
"20100128",2010,1,1,"Ene 2010",28,"Ju"
"20100129",2010,1,1,"Ene 2010",29,"Vi"
"20100130",2010,1,1,"Ene 2010",30,"Sa"
"20100131",2010,1,1,"Ene 2010",31,"Do"
"20100201",2010,1,2,"Feb 2010",1,"Lu"
"20100202",2010,1,2,"Feb 2010",2,"Ma"
"20100203",2010,1,2,"Feb 2010",3,"Mi"
"20100204",2010,1,2,"Feb 2010",4,"Ju"
"20100205",2010,1,2,"Feb 2010",5,"Vi"
"20100206",2010,1,2,"Feb 2010",6,"Sa"
"20100207",2010,1,2,"Feb 2010",7,"Do"
"20100208",2010,1,2,"Feb 2010",8,"Lu"
"20100209",2010,1,2,"Feb 2010",9,"Ma"
"20100210",2010,1,2,"Feb 2010",10,"Mi"
"20100211",2010,1,2,"Feb 2010",11,"Ju"
"20100212",2010,1,2,"Feb 2010",12,"Vi"
"20100213",2010,1,2,"Feb 2010",13,"Sa"
"20100214",2010,1,2,"Feb 2010",14,"Do"
"20100215",2010,1,2,"Feb 2010",15,"Lu"
"20100216",2010,1,2,"Feb 2010",16,"Ma"
"20100217",2010,1,2,"Feb 2010",17,"Mi"
"20100218",2010,1,2,"Feb 2010",18,"Ju"
"20100219",2010,1,2,"Feb 2010",19,"Vi"
"20100220",2010,1,2,"Feb 2010",20,"Sa"
"20100221",2010,1,2,"Feb 2010",21,"Do"
"20100222",2010,1,2,"Feb 2010",22,"Lu"
"20100223",2010,1,2,"Feb 2010",23,"Ma"
"20100224",2010,1,2,"Feb 2010",24,"Mi"
"20100225",2010,1,2,"Feb 2010",25,"Ju"
"20100226",2010,1,2,"Feb 2010",26,"Vi"
"20100227",2010,1,2,"Feb 2010",27,"Sa"
"20100228",2010,1,2,"Feb 2010",28,"Do"
"20100301",2010,1,3,"Mar 2010",1,"Lu"
"20100302",2010,1,3,"Mar 2010",2,"Ma"
"20100303",2010,1,3,"Mar 2010",3,"Mi"
"20100304",2010,1,3,"Mar 2010",4,"Ju"
"20100305",2010,1,3,"Mar 2010",5,"Vi"
"20100306",2010,1,3,"Mar 2010",6,"Sa"
"20100307",2010,1,3,"Mar 2010",7,"Do"
"20100308",2010,1,3,"Mar 2010",8,"Lu"
"20100309",2010,1,3,"Mar 2010",9,"Ma"
"20100310",2010,1,3,"Mar 2010",10,"Mi"
"20100311",2010,1,3,"Mar 2010",11,"Ju"
"20100312",2010,1,3,"Mar 2010",12,"Vi"
"20100313",2010,1,3,"Mar 2010",13,"Sa"
"20100314",2010,1,3,"Mar 2010",14,"Do"
"20100315",2010,1,3,"Mar 2010",15,"Lu"
"20100316",2010,1,3,"Mar 2010",16,"Ma"
"20100317",2010,1,3,"Mar 2010",17,"Mi"
"20100318",2010,1,3,"Mar 2010",18,"Ju"
"20100319",2010,1,3,"Mar 2010",19,"Vi"
"20100320",2010,1,3,"Mar 2010",20,"Sa"
"20100321",2010,1,3,"Mar 2010",21,"Do"
"20100322",2010,1,3,"Mar 2010",22,"Lu"
"20100323",2010,1,3,"Mar 2010",23,"Ma"
"20100324",2010,1,3,"Mar 2010",24,"Mi"
"20100325",2010,1,3,"Mar 2010",25,"Ju"
"20100326",2010,1,3,"Mar 2010",26,"Vi"
"20100327",2010,1,3,"Mar 2010",27,"Sa"
"20100328",2010,1,3,"Mar 2010",28,"Do"
"20100329",2010,1,3,"Mar 2010",29,"Lu"
"20100330",2010,1,3,"Mar 2010",30,"Ma"
"20100331",2010,1,3,"Mar 2010",31,"Mi"
"20100401",2010,2,4,"Abr 2010",1,"Ju"
"20100402",2010,2,4,"Abr 2010",2,"Vi"
"20100403",2010,2,4,"Abr 2010",3,"Sa"
"20100404",2010,2,4,"Abr 2010",4,"Do"
"20100405",2010,2,4,"Abr 2010",5,"Lu"
"20100406",2010,2,4,"Abr 2010",6,"Ma"
"20100407",2010,2,4,"Abr 2010",7,"Mi"
"20100408",2010,2,4,"Abr 2010",8,"Ju"
"20100409",2010,2,4,"Abr 2010",9,"Vi"
"20100410",2010,2,4,"Abr 2010",10,"Sa"
"20100411",2010,2,4,"Abr 2010",11,"Do"
"20100412",2010,2,4,"Abr 2010",12,"Lu"
"20100413",2010,2,4,"Abr 2010",13,"Ma"
"20100414",2010,2,4,"Abr 2010",14,"Mi"
"20100415",2010,2,4,"Abr 2010",15,"Ju"
"20100416",2010,2,4,"Abr 2010",16,"Vi"
"20100417",2010,2,4,"Abr 2010",17,"Sa"
"20100418",2010,2,4,"Abr 2010",18,"Do"
"20100419",2010,2,4,"Abr 2010",19,"Lu"
"20100420",2010,2,4,"Abr 2010",20,"Ma"
"20100421",2010,2,4,"Abr 2010",21,"Mi"
"20100422",2010,2,4,"Abr 2010",22,"Ju"
"20100423",2010,2,4,"Abr 2010",23,"Vi"
"20100424",2010,2,4,"Abr 2010",24,"Sa"
"20100425",2010,2,4,"Abr 2010",25,"Do"
"20100426",2010,2,4,"Abr 2010",26,"Lu"
"20100427",2010,2,4,"Abr 2010",27,"Ma"
"20100428",2010,2,4,"Abr 2010",28,"Mi"
"20100429",2010,2,4,"Abr 2010",29,"Ju"
"20100430",2010,2,4,"Abr 2010",30,"Vi"
"20100501",2010,2,5,"May 2010",1,"Sa"
"20100502",2010,2,5,"May 2010",2,"Do"
"20100503",2010,2,5,"May 2010",3,"Lu"
"20100504",2010,2,5,"May 2010",4,"Ma"
"20100505",2010,2,5,"May 2010",5,"Mi"
"20100506",2010,2,5,"May 2010",6,"Ju"
"20100507",2010,2,5,"May 2010",7,"Vi"
"20100508",2010,2,5,"May 2010",8,"Sa"
"20100509",2010,2,5,"May 2010",9,"Do"
"20100510",2010,2,5,"May 2010",10,"Lu"
"20100511",2010,2,5,"May 2010",11,"Ma"
"20100512",2010,2,5,"May 2010",12,"Mi"
"20100513",2010,2,5,"May 2010",13,"Ju"
"20100514",2010,2,5,"May 2010",14,"Vi"
"20100515",2010,2,5,"May 2010",15,"Sa"
"20100516",2010,2,5,"May 2010",16,"Do"
"20100517",2010,2,5,"May 2010",17,"Lu"
"20100518",2010,2,5,"May 2010",18,"Ma"
"20100519",2010,2,5,"May 2010",19,"Mi"
"20100520",2010,2,5,"May 2010",20,"Ju"
"20100521",2010,2,5,"May 2010",21,"Vi"
"20100522",2010,2,5,"May 2010",22,"Sa"
"20100523",2010,2,5,"May 2010",23,"Do"
"20100524",2010,2,5,"May 2010",24,"Lu"
"20100525",2010,2,5,"May 2010",25,"Ma"
"20100526",2010,2,5,"May 2010",26,"Mi"
"20100527",2010,2,5,"May 2010",27,"Ju"
"20100528",2010,2,5,"May 2010",28,"Vi"
"20100529",2010,2,5,"May 2010",29,"Sa"
"20100530",2010,2,5,"May 2010",30,"Do"
"20100531",2010,2,5,"May 2010",31,"Lu"
"20100601",2010,2,6,"Jun 2010",1,"Ma"
"20100602",2010,2,6,"Jun 2010",2,"Mi"
"20100603",2010,2,6,"Jun 2010",3,"Ju"
"20100604",2010,2,6,"Jun 2010",4,"Vi"
"20100605",2010,2,6,"Jun 2010",5,"Sa"
"20100606",2010,2,6,"Jun 2010",6,"Do"
"20100607",2010,2,6,"Jun 2010",7,"Lu"
"20100608",2010,2,6,"Jun 2010",8,"Ma"
"20100609",2010,2,6,"Jun 2010",9,"Mi"
"20100610",2010,2,6,"Jun 2010",10,"Ju"
"20100611",2010,2,6,"Jun 2010",11,"Vi"
"20100612",2010,2,6,"Jun 2010",12,"Sa"
"20100613",2010,2,6,"Jun 2010",13,"Do"
"20100614",2010,2,6,"Jun 2010",14,"Lu"
"20100615",2010,2,6,"Jun 2010",15,"Ma"
"20100616",2010,2,6,"Jun 2010",16,"Mi"
"20100617",2010,2,6,"Jun 2010",17,"Ju"
"20100618",2010,2,6,"Jun 2010",18,"Vi"
"20100619",2010,2,6,"Jun 2010",19,"Sa"
"20100620",2010,2,6,"Jun 2010",20,"Do"
"20100621",2010,2,6,"Jun 2010",21,"Lu"
"20100622",2010,2,6,"Jun 2010",22,"Ma"
"20100623",2010,2,6,"Jun 2010",23,"Mi"
"20100624",2010,2,6,"Jun 2010",24,"Ju"
"20100625",2010,2,6,"Jun 2010",25,"Vi"
"20100626",2010,2,6,"Jun 2010",26,"Sa"
"20100627",2010,2,6,"Jun 2010",27,"Do"
"20100628",2010,2,6,"Jun 2010",28,"Lu"
"20100629",2010,2,6,"Jun 2010",29,"Ma"
"20100630",2010,2,6,"Jun 2010",30,"Mi"
"20100701",2010,3,7,"Jul 2010",1,"Ju"
"20100702",2010,3,7,"Jul 2010",2,"Vi"
"20100703",2010,3,7,"Jul 2010",3,"Sa"
"20100704",2010,3,7,"Jul 2010",4,"Do"
"20100705",2010,3,7,"Jul 2010",5,"Lu"
"20100706",2010,3,7,"Jul 2010",6,"Ma"
"20100707",2010,3,7,"Jul 2010",7,"Mi"
"20100708",2010,3,7,"Jul 2010",8,"Ju"
"20100709",2010,3,7,"Jul 2010",9,"Vi"
"20100710",2010,3,7,"Jul 2010",10,"Sa"
"20100711",2010,3,7,"Jul 2010",11,"Do"
"20100712",2010,3,7,"Jul 2010",12,"Lu"
"20100713",2010,3,7,"Jul 2010",13,"Ma"
"20100714",2010,3,7,"Jul 2010",14,"Mi"
"20100715",2010,3,7,"Jul 2010",15,"Ju"
"20100716",2010,3,7,"Jul 2010",16,"Vi"
"20100717",2010,3,7,"Jul 2010",17,"Sa"
"20100718",2010,3,7,"Jul 2010",18,"Do"
"20100719",2010,3,7,"Jul 2010",19,"Lu"
"20100720",2010,3,7,"Jul 2010",20,"Ma"
"20100721",2010,3,7,"Jul 2010",21,"Mi"
"20100722",2010,3,7,"Jul 2010",22,"Ju"
"20100723",2010,3,7,"Jul 2010",23,"Vi"
"20100724",2010,3,7,"Jul 2010",24,"Sa"
"20100725",2010,3,7,"Jul 2010",25,"Do"
"20100726",2010,3,7,"Jul 2010",26,"Lu"
"20100727",2010,3,7,"Jul 2010",27,"Ma"
"20100728",2010,3,7,"Jul 2010",28,"Mi"
"20100729",2010,3,7,"Jul 2010",29,"Ju"
"20100730",2010,3,7,"Jul 2010",30,"Vi"
"20100731",2010,3,7,"Jul 2010",31,"Sa"
"20100801",2010,3,8,"Ago 2010",1,"Do"
"20100802",2010,3,8,"Ago 2010",2,"Lu"
"20100803",2010,3,8,"Ago 2010",3,"Ma"
"20100804",2010,3,8,"Ago 2010",4,"Mi"
"20100805",2010,3,8,"Ago 2010",5,"Ju"
"20100806",2010,3,8,"Ago 2010",6,"Vi"
"20100807",2010,3,8,"Ago 2010",7,"Sa"
"20100808",2010,3,8,"Ago 2010",8,"Do"
"20100809",2010,3,8,"Ago 2010",9,"Lu"
"20100810",2010,3,8,"Ago 2010",10,"Ma"
"20100811",2010,3,8,"Ago 2010",11,"Mi"
"20100812",2010,3,8,"Ago 2010",12,"Ju"
"20100813",2010,3,8,"Ago 2010",13,"Vi"
"20100814",2010,3,8,"Ago 2010",14,"Sa"
"20100815",2010,3,8,"Ago 2010",15,"Do"
"20100816",2010,3,8,"Ago 2010",16,"Lu"
"20100817",2010,3,8,"Ago 2010",17,"Ma"
"20100818",2010,3,8,"Ago 2010",18,"Mi"
"20100819",2010,3,8,"Ago 2010",19,"Ju"
"20100820",2010,3,8,"Ago 2010",20,"Vi"
"20100821",2010,3,8,"Ago 2010",21,"Sa"
"20100822",2010,3,8,"Ago 2010",22,"Do"
"20100823",2010,3,8,"Ago 2010",23,"Lu"
"20100824",2010,3,8,"Ago 2010",24,"Ma"
"20100825",2010,3,8,"Ago 2010",25,"Mi"
"20100826",2010,3,8,"Ago 2010",26,"Ju"
"20100827",2010,3,8,"Ago 2010",27,"Vi"
"20100828",2010,3,8,"Ago 2010",28,"Sa"
"20100829",2010,3,8,"Ago 2010",29,"Do"
"20100830",2010,3,8,"Ago 2010",30,"Lu"
"20100831",2010,3,8,"Ago 2010",31,"Ma"
"20100901",2010,3,9,"Sep 2010",1,"Mi"
"20100902",2010,3,9,"Sep 2010",2,"Ju"
"20100903",2010,3,9,"Sep 2010",3,"Vi"
"20100904",2010,3,9,"Sep 2010",4,"Sa"
"20100905",2010,3,9,"Sep 2010",5,"Do"
"20100906",2010,3,9,"Sep 2010",6,"Lu"
"20100907",2010,3,9,"Sep 2010",7,"Ma"
"20100908",2010,3,9,"Sep 2010",8,"Mi"
"20100909",2010,3,9,"Sep 2010",9,"Ju"
"20100910",2010,3,9,"Sep 2010",10,"Vi"
"20100911",2010,3,9,"Sep 2010",11,"Sa"
"20100912",2010,3,9,"Sep 2010",12,"Do"
"20100913",2010,3,9,"Sep 2010",13,"Lu"
"20100914",2010,3,9,"Sep 2010",14,"Ma"
"20100915",2010,3,9,"Sep 2010",15,"Mi"
"20100916",2010,3,9,"Sep 2010",16,"Ju"
"20100917",2010,3,9,"Sep 2010",17,"Vi"
"20100918",2010,3,9,"Sep 2010",18,"Sa"
"20100919",2010,3,9,"Sep 2010",19,"Do"
"20100920",2010,3,9,"Sep 2010",20,"Lu"
"20100921",2010,3,9,"Sep 2010",21,"Ma"
"20100922",2010,3,9,"Sep 2010",22,"Mi"
"20100923",2010,3,9,"Sep 2010",23,"Ju"
"20100924",2010,3,9,"Sep 2010",24,"Vi"
"20100925",2010,3,9,"Sep 2010",25,"Sa"
"20100926",2010,3,9,"Sep 2010",26,"Do"
"20100927",2010,3,9,"Sep 2010",27,"Lu"
"20100928",2010,3,9,"Sep 2010",28,"Ma"
"20100929",2010,3,9,"Sep 2010",29,"Mi"
"20100930",2010,3,9,"Sep 2010",30,"Ju"
"20101001",2010,4,10,"Oct 2010",1,"Vi"
"20101002",2010,4,10,"Oct 2010",2,"Sa"
"20101003",2010,4,10,"Oct 2010",3,"Do"
"20101004",2010,4,10,"Oct 2010",4,"Lu"
"20101005",2010,4,10,"Oct 2010",5,"Ma"
"20101006",2010,4,10,"Oct 2010",6,"Mi"
"20101007",2010,4,10,"Oct 2010",7,"Ju"
"20101008",2010,4,10,"Oct 2010",8,"Vi"
"20101009",2010,4,10,"Oct 2010",9,"Sa"
"20101010",2010,4,10,"Oct 2010",10,"Do"
"20101011",2010,4,10,"Oct 2010",11,"Lu"
"20101012",2010,4,10,"Oct 2010",12,"Ma"
"20101013",2010,4,10,"Oct 2010",13,"Mi"
"20101014",2010,4,10,"Oct 2010",14,"Ju"
"20101015",2010,4,10,"Oct 2010",15,"Vi"
"20101016",2010,4,10,"Oct 2010",16,"Sa"
"20101017",2010,4,10,"Oct 2010",17,"Do"
"20101018",2010,4,10,"Oct 2010",18,"Lu"
"20101019",2010,4,10,"Oct 2010",19,"Ma"
"20101020",2010,4,10,"Oct 2010",20,"Mi"
"20101021",2010,4,10,"Oct 2010",21,"Ju"
"20101022",2010,4,10,"Oct 2010",22,"Vi"
"20101023",2010,4,10,"Oct 2010",23,"Sa"
"20101024",2010,4,10,"Oct 2010",24,"Do"
"20101025",2010,4,10,"Oct 2010",25,"Lu"
"20101026",2010,4,10,"Oct 2010",26,"Ma"
"20101027",2010,4,10,"Oct 2010",27,"Mi"
"20101028",2010,4,10,"Oct 2010",28,"Ju"
"20101029",2010,4,10,"Oct 2010",29,"Vi"
"20101030",2010,4,10,"Oct 2010",30,"Sa"
"20101031",2010,4,10,"Oct 2010",31,"Do"
"20101101",2010,4,11,"Nov 2010",1,"Lu"
"20101102",2010,4,11,"Nov 2010",2,"Ma"
"20101103",2010,4,11,"Nov 2010",3,"Mi"
"20101104",2010,4,11,"Nov 2010",4,"Ju"
"20101105",2010,4,11,"Nov 2010",5,"Vi"
"20101106",2010,4,11,"Nov 2010",6,"Sa"
"20101107",2010,4,11,"Nov 2010",7,"Do"
"20101108",2010,4,11,"Nov 2010",8,"Lu"
"20101109",2010,4,11,"Nov 2010",9,"Ma"
"20101110",2010,4,11,"Nov 2010",10,"Mi"
"20101111",2010,4,11,"Nov 2010",11,"Ju"
"20101112",2010,4,11,"Nov 2010",12,"Vi"
"20101113",2010,4,11,"Nov 2010",13,"Sa"
"20101114",2010,4,11,"Nov 2010",14,"Do"
"20101115",2010,4,11,"Nov 2010",15,"Lu"
"20101116",2010,4,11,"Nov 2010",16,"Ma"
"20101117",2010,4,11,"Nov 2010",17,"Mi"
"20101118",2010,4,11,"Nov 2010",18,"Ju"
"20101119",2010,4,11,"Nov 2010",19,"Vi"
"20101120",2010,4,11,"Nov 2010",20,"Sa"
"20101121",2010,4,11,"Nov 2010",21,"Do"
"20101122",2010,4,11,"Nov 2010",22,"Lu"
"20101123",2010,4,11,"Nov 2010",23,"Ma"
"20101124",2010,4,11,"Nov 2010",24,"Mi"
"20101125",2010,4,11,"Nov 2010",25,"Ju"
"20101126",2010,4,11,"Nov 2010",26,"Vi"
"20101127",2010,4,11,"Nov 2010",27,"Sa"
"20101128",2010,4,11,"Nov 2010",28,"Do"
"20101129",2010,4,11,"Nov 2010",29,"Lu"
"20101130",2010,4,11,"Nov 2010",30,"Ma"
"20101201",2010,4,12,"Dic 2010",1,"Mi"
"20101202",2010,4,12,"Dic 2010",2,"Ju"
"20101203",2010,4,12,"Dic 2010",3,"Vi"
"20101204",2010,4,12,"Dic 2010",4,"Sa"
"20101205",2010,4,12,"Dic 2010",5,"Do"
"20101206",2010,4,12,"Dic 2010",6,"Lu"
"20101207",2010,4,12,"Dic 2010",7,"Ma"
"20101208",2010,4,12,"Dic 2010",8,"Mi"
"20101209",2010,4,12,"Dic 2010",9,"Ju"
"20101210",2010,4,12,"Dic 2010",10,"Vi"
"20101211",2010,4,12,"Dic 2010",11,"Sa"
"20101212",2010,4,12,"Dic 2010",12,"Do"
"20101213",2010,4,12,"Dic 2010",13,"Lu"
"20101214",2010,4,12,"Dic 2010",14,"Ma"
"20101215",2010,4,12,"Dic 2010",15,"Mi"
"20101216",2010,4,12,"Dic 2010",16,"Ju"
"20101217",2010,4,12,"Dic 2010",17,"Vi"
"20101218",2010,4,12,"Dic 2010",18,"Sa"
"20101219",2010,4,12,"Dic 2010",19,"Do"
"20101220",2010,4,12,"Dic 2010",20,"Lu"
"20101221",2010,4,12,"Dic 2010",21,"Ma"
"20101222",2010,4,12,"Dic 2010",22,"Mi"
"20101223",2010,4,12,"Dic 2010",23,"Ju"
"20101224",2010,4,12,"Dic 2010",24,"Vi"
"20101225",2010,4,12,"Dic 2010",25,"Sa"
"20101226",2010,4,12,"Dic 2010",26,"Do"
"20101227",2010,4,12,"Dic 2010",27,"Lu"
"20101228",2010,4,12,"Dic 2010",28,"Ma"
"20101229",2010,4,12,"Dic 2010",29,"Mi"
"20101230",2010,4,12,"Dic 2010",30,"Ju"
"20101231",2010,4,12,"Dic 2010",31,"Vi"
